comparison,scenario,controller,seed,remaining_uL,seconds,status,violations
baseline,known,nominal,100003,131.4044,47.0872,completed,
baseline,shifted,nominal,100020,149.2633,46.6038,completed,
baseline,missing,nominal,100037,148.4119,47.0039,completed,
baseline,known,nominal,100054,137.8606,47.1190,completed,
baseline,shifted,nominal,100071,494.0996,25.0281,violated,instrument-collision
baseline,missing,nominal,100088,154.3454,47.2760,completed,
baseline,known,nominal,100105,104.2542,46.9497,completed,
baseline,shifted,nominal,100122,715.6548,9.4147,violated,instrument-collision
baseline,missing,nominal,100139,174.4984,47.5370,completed,
baseline,known,nominal,100156,156.1688,46.9725,completed,
baseline,shifted,nominal,100173,129.7051,47.0361,completed,
baseline,missing,nominal,100190,135.0200,47.2415,completed,
baseline,known,nominal,100207,160.6231,46.9837,completed,
baseline,shifted,nominal,100224,151.8542,47.0851,completed,
baseline,missing,nominal,100241,159.9616,47.1725,completed,
baseline,known,nominal,100258,157.4851,47.1034,completed,
baseline,shifted,nominal,100275,158.9113,46.9096,completed,
baseline,missing,nominal,100292,173.9547,47.1754,completed,
baseline,known,nominal,100309,145.1653,46.8723,completed,
baseline,shifted,nominal,100326,594.2423,17.2213,violated,instrument-collision
baseline,missing,nominal,100343,167.3209,46.5038,completed,
baseline,known,nominal,100360,128.8573,47.2205,completed,
baseline,shifted,nominal,100377,115.7226,47.3634,completed,
baseline,missing,nominal,100394,142.1843,47.1732,completed,
baseline,known,nominal,100411,131.3505,47.0829,completed,
baseline,shifted,nominal,100428,148.5763,47.1105,completed,
baseline,missing,nominal,100445,178.4511,47.0046,completed,
baseline,known,nominal,100462,135.1807,47.0710,completed,
baseline,shifted,nominal,100479,136.9005,47.3948,completed,
baseline,missing,nominal,100496,178.4545,47.0790,completed,
baseline,known,nominal,100513,157.7585,46.8939,completed,
baseline,shifted,nominal,100530,146.3681,46.7088,completed,
baseline,missing,nominal,100547,154.9198,46.9595,completed,
baseline,known,nominal,100564,144.9868,47.1161,completed,
baseline,shifted,nominal,100581,135.6363,47.2314,completed,
baseline,missing,nominal,100598,207.4695,46.7698,completed,
baseline,known,nominal,100615,157.7996,47.0605,completed,
baseline,shifted,nominal,100632,126.3421,47.0785,completed,
baseline,missing,nominal,100649,120.2751,46.9681,completed,
baseline,known,nominal,100666,162.1898,47.1205,completed,
baseline,shifted,nominal,100683,119.9854,46.8959,completed,
baseline,missing,nominal,100700,180.3151,46.9945,completed,
baseline,known,nominal,100717,166.9536,46.8171,completed,
baseline,shifted,nominal,100734,139.9313,47.0321,completed,
baseline,missing,nominal,100751,133.4153,47.0460,completed,
baseline,known,nominal,100768,168.9414,46.9675,completed,
baseline,shifted,nominal,100785,152.0797,47.0425,completed,
baseline,missing,nominal,100802,164.7405,46.9460,completed,
baseline,known,nominal,100819,129.5378,47.5066,completed,
baseline,shifted,nominal,100836,268.8796,40.6520,violated,instrument-collision
baseline,missing,nominal,100853,116.1610,47.1864,completed,
baseline,known,nominal,100870,156.8769,46.7926,completed,
baseline,shifted,nominal,100887,158.3782,47.1725,completed,
baseline,missing,nominal,100904,158.5846,46.8527,completed,
baseline,known,nominal,100921,119.3873,47.3737,completed,
baseline,shifted,nominal,100938,172.6116,47.2479,completed,
baseline,missing,nominal,100955,156.1075,46.7948,completed,
baseline,known,nominal,100972,196.8404,47.2126,completed,
baseline,shifted,nominal,100989,132.0715,47.0212,completed,
baseline,missing,nominal,101006,178.7715,46.7726,completed,
baseline,known,nominal,101023,170.0464,47.3541,completed,
baseline,shifted,nominal,101040,164.1308,46.8310,completed,
baseline,missing,nominal,101057,141.6783,46.7421,completed,
baseline,known,nominal,101074,124.6381,47.1317,completed,
baseline,shifted,nominal,101091,175.7539,47.3002,completed,
baseline,missing,nominal,101108,132.2916,47.0752,completed,
baseline,known,nominal,101125,154.5714,46.9060,completed,
baseline,shifted,nominal,101142,134.5562,46.9931,completed,
baseline,missing,nominal,101159,151.8376,47.0762,completed,
baseline,known,nominal,101176,166.1800,47.1240,completed,
baseline,shifted,nominal,101193,867.4713,1.5979,violated,instrument-collision
baseline,missing,nominal,101210,175.0763,47.2661,completed,
baseline,known,nominal,101227,145.2403,47.0061,completed,
baseline,shifted,nominal,101244,627.0742,17.2228,violated,instrument-collision
baseline,missing,nominal,101261,122.5703,47.1373,completed,
baseline,known,nominal,101278,148.3587,47.0553,completed,
baseline,shifted,nominal,101295,134.0673,46.8346,completed,
baseline,missing,nominal,101312,145.0999,47.1808,completed,
baseline,known,nominal,101329,152.3852,47.0356,completed,
baseline,shifted,nominal,101346,641.4435,17.2230,violated,instrument-collision
baseline,missing,nominal,101363,138.3516,47.0535,completed,
baseline,known,nominal,101380,128.2908,46.8539,completed,
baseline,shifted,nominal,101397,137.5514,47.0074,completed,
baseline,missing,nominal,101414,130.6726,46.9610,completed,
baseline,known,nominal,101431,110.7117,47.1304,completed,
baseline,shifted,nominal,101448,172.5850,46.9612,completed,
baseline,missing,nominal,101465,174.4579,46.7619,completed,
baseline,known,nominal,101482,154.9978,47.0107,completed,
baseline,shifted,nominal,101499,126.1378,47.0923,completed,
baseline,missing,nominal,101516,175.7856,46.8674,completed,
baseline,known,nominal,101533,116.0709,47.1193,completed,
baseline,shifted,nominal,101550,155.4909,47.1377,completed,
baseline,missing,nominal,101567,148.1013,46.9173,completed,
baseline,known,nominal,101584,150.2370,47.1027,completed,
baseline,shifted,nominal,101601,139.7157,46.8745,completed,
baseline,missing,nominal,101618,128.5747,47.2344,completed,
baseline,known,nominal,101635,117.6822,47.2997,completed,
baseline,shifted,nominal,101652,136.6996,47.1578,completed,
baseline,missing,nominal,101669,144.4497,46.8189,completed,
baseline,known,nominal,101686,140.8816,46.9218,completed,
baseline,shifted,nominal,101703,140.6586,47.2542,completed,
baseline,missing,nominal,101720,154.8665,46.8882,completed,
baseline,known,nominal,101737,176.5467,46.7546,completed,
baseline,shifted,nominal,101754,125.0561,47.2094,completed,
baseline,missing,nominal,101771,133.6891,47.1869,completed,
baseline,known,nominal,101788,173.2277,46.8880,completed,
baseline,shifted,nominal,101805,137.0718,46.8429,completed,
baseline,missing,nominal,101822,132.1247,46.7190,completed,
baseline,known,nominal,101839,119.5832,47.3271,completed,
baseline,shifted,nominal,101856,507.2628,25.0347,violated,instrument-collision
baseline,missing,nominal,101873,140.2159,47.1229,completed,
baseline,known,nominal,101890,153.8017,46.9791,completed,
baseline,shifted,nominal,101907,150.8067,47.1159,completed,
baseline,missing,nominal,101924,133.0989,46.9761,completed,
baseline,known,nominal,101941,138.3705,47.1571,completed,
baseline,shifted,nominal,101958,166.1656,46.8934,completed,
baseline,missing,nominal,101975,135.8008,46.8540,completed,
baseline,known,nominal,101992,135.8179,47.1412,completed,
baseline,shifted,nominal,102009,178.9162,46.8498,completed,
baseline,missing,nominal,102026,159.6009,47.1488,completed,
baseline,known,nominal,102043,140.9189,46.9637,completed,
baseline,shifted,nominal,102060,845.3720,1.5994,violated,instrument-collision
baseline,missing,nominal,102077,157.3086,46.7501,completed,
baseline,known,nominal,102094,164.1947,47.1900,completed,
baseline,shifted,nominal,102111,121.7189,47.0853,completed,
baseline,missing,nominal,102128,167.0852,46.7845,completed,
baseline,known,nominal,102145,184.5758,46.9959,completed,
baseline,shifted,nominal,102162,138.4007,46.8817,completed,
baseline,missing,nominal,102179,152.2075,46.8708,completed,
baseline,known,nominal,102196,106.0540,46.9929,completed,
baseline,shifted,nominal,102213,147.7827,47.1464,completed,
baseline,missing,nominal,102230,164.1640,46.8827,completed,
baseline,known,nominal,102247,173.7922,46.9266,completed,
baseline,shifted,nominal,102264,144.4278,47.1146,completed,
baseline,missing,nominal,102281,162.1209,46.8568,completed,
baseline,known,nominal,102298,125.3570,46.9682,completed,
baseline,shifted,nominal,102315,139.0157,47.3064,completed,
baseline,missing,nominal,102332,147.8610,47.1041,completed,
baseline,known,nominal,102349,143.6386,46.9195,completed,
baseline,shifted,nominal,102366,145.5785,46.7685,completed,
baseline,missing,nominal,102383,149.9698,47.1773,completed,
baseline,known,nominal,102400,159.7483,47.1387,completed,
baseline,shifted,nominal,102417,608.0050,17.2177,violated,instrument-collision
baseline,missing,nominal,102434,104.4184,47.0045,completed,
baseline,known,nominal,102451,137.3696,47.0357,completed,
baseline,shifted,nominal,102468,182.6217,47.1356,completed,
baseline,missing,nominal,102485,128.8966,47.1356,completed,
baseline,known,nominal,102502,159.4626,46.8023,completed,
baseline,shifted,nominal,102519,160.9637,47.0205,completed,
baseline,missing,nominal,102536,134.6199,46.9758,completed,
baseline,known,nominal,102553,140.9724,46.9823,completed,
baseline,shifted,nominal,102570,158.0012,47.2040,completed,
baseline,missing,nominal,102587,152.8135,46.9556,completed,
baseline,known,nominal,102604,157.1786,47.1712,completed,
baseline,shifted,nominal,102621,194.6817,46.9995,completed,
baseline,missing,nominal,102638,120.1106,47.1787,completed,
baseline,known,nominal,102655,176.1887,46.9513,completed,
baseline,shifted,nominal,102672,112.9203,47.1240,completed,
baseline,missing,nominal,102689,143.0499,47.0960,completed,
baseline,known,nominal,102706,173.2933,46.8510,completed,
baseline,shifted,nominal,102723,147.8056,47.0430,completed,
baseline,missing,nominal,102740,140.6635,47.2794,completed,
baseline,known,nominal,102757,150.6525,47.0391,completed,
baseline,shifted,nominal,102774,167.0276,46.8842,completed,
baseline,missing,nominal,102791,139.5690,47.0108,completed,
baseline,known,nominal,102808,138.1203,46.9295,completed,
baseline,shifted,nominal,102825,853.6140,1.5988,violated,instrument-collision
baseline,missing,nominal,102842,173.5376,47.1802,completed,
baseline,known,nominal,102859,162.7182,47.0327,completed,
baseline,shifted,nominal,102876,148.8961,46.8862,completed,
baseline,missing,nominal,102893,136.5938,47.0560,completed,
baseline,known,nominal,102910,151.9247,46.8243,completed,
baseline,shifted,nominal,102927,152.8591,47.1244,completed,
baseline,missing,nominal,102944,146.7263,46.7035,completed,
baseline,known,nominal,102961,154.1374,47.1740,completed,
baseline,shifted,nominal,102978,156.1140,46.8972,completed,
baseline,missing,nominal,102995,163.4938,47.3128,completed,
baseline,known,nominal,103012,140.3500,47.0803,completed,
baseline,shifted,nominal,103029,133.2782,46.9679,completed,
baseline,missing,nominal,103046,160.8224,47.1169,completed,
baseline,known,nominal,103063,144.4968,46.9699,completed,
baseline,shifted,nominal,103080,710.4911,9.4093,violated,instrument-collision
baseline,missing,nominal,103097,136.0663,47.1176,completed,
baseline,known,nominal,103114,175.3458,46.9915,completed,
baseline,shifted,nominal,103131,137.7614,47.4045,completed,
baseline,missing,nominal,103148,142.3156,46.8687,completed,
baseline,known,nominal,103165,152.9434,46.9079,completed,
baseline,shifted,nominal,103182,162.4956,46.7052,completed,
baseline,missing,nominal,103199,165.7635,46.7472,completed,
baseline,known,nominal,103216,147.3142,47.2615,completed,
baseline,shifted,nominal,103233,399.1644,32.8421,violated,instrument-collision
baseline,missing,nominal,103250,145.0227,46.7499,completed,
baseline,known,nominal,103267,173.6534,47.0481,completed,
baseline,shifted,nominal,103284,465.8113,25.0304,violated,instrument-collision
baseline,missing,nominal,103301,146.6892,46.8076,completed,
baseline,known,nominal,103318,153.2710,47.0916,completed,
baseline,shifted,nominal,103335,133.3507,46.7843,completed,
baseline,missing,nominal,103352,151.1409,46.5962,completed,
baseline,known,nominal,103369,138.1909,47.3670,completed,
baseline,shifted,nominal,103386,114.7005,47.0306,completed,
baseline,missing,nominal,103403,143.1194,47.4294,completed,
baseline,known,nominal,103420,132.1271,46.9113,completed,
baseline,shifted,nominal,103437,131.3120,47.1638,completed,
baseline,missing,nominal,103454,143.3172,47.4375,completed,
baseline,known,nominal,103471,160.2743,47.0823,completed,
baseline,shifted,nominal,103488,149.8181,46.8986,completed,
baseline,missing,nominal,103505,146.9023,46.9334,completed,
baseline,known,nominal,103522,170.6797,47.0362,completed,
baseline,shifted,nominal,103539,109.5283,47.0079,completed,
baseline,missing,nominal,103556,140.4695,47.1727,completed,
baseline,known,nominal,103573,200.2647,47.1362,completed,
baseline,shifted,nominal,103590,157.9068,46.7907,completed,
baseline,missing,nominal,103607,122.0333,47.1011,completed,
baseline,known,nominal,103624,124.1357,47.1634,completed,
baseline,shifted,nominal,103641,116.9788,46.9462,completed,
baseline,missing,nominal,103658,198.4618,47.0418,completed,
baseline,known,nominal,103675,169.9825,46.9169,completed,
baseline,shifted,nominal,103692,146.1119,47.0356,completed,
baseline,missing,nominal,103709,134.9091,47.0224,completed,
baseline,known,nominal,103726,151.1393,46.4732,completed,
baseline,shifted,nominal,103743,156.3982,46.7389,completed,
baseline,missing,nominal,103760,148.7444,47.0359,completed,
baseline,known,nominal,103777,123.4387,46.9000,completed,
baseline,shifted,nominal,103794,131.3484,47.0246,completed,
baseline,missing,nominal,103811,206.8126,46.7683,completed,
baseline,known,nominal,103828,143.0471,46.8727,completed,
baseline,shifted,nominal,103845,616.0658,17.2198,violated,instrument-collision
baseline,missing,nominal,103862,140.5709,47.0076,completed,
baseline,known,nominal,103879,172.1845,47.1208,completed,
baseline,shifted,nominal,103896,111.1610,47.3615,completed,
baseline,missing,nominal,103913,179.8035,47.1703,completed,
baseline,known,nominal,103930,158.4978,47.0096,completed,
baseline,shifted,nominal,103947,576.3742,17.2172,violated,instrument-collision
baseline,missing,nominal,103964,147.1406,47.0683,completed,
baseline,known,nominal,103981,149.3873,47.3008,completed,
baseline,shifted,nominal,103998,151.7456,47.0927,completed,
baseline,missing,nominal,104015,152.4222,47.2083,completed,
baseline,known,nominal,104032,199.2276,46.7889,completed,
baseline,shifted,nominal,104049,132.8770,46.8056,completed,
baseline,missing,nominal,104066,180.8222,46.7169,completed,
baseline,known,nominal,104083,137.5652,46.9513,completed,
baseline,shifted,nominal,104100,154.5871,46.8040,completed,
baseline,missing,nominal,104117,183.3401,47.1271,completed,
baseline,known,nominal,104134,184.0040,46.9498,completed,
baseline,shifted,nominal,104151,120.4204,47.1657,completed,
baseline,missing,nominal,104168,162.8769,47.1497,completed,
baseline,known,nominal,104185,162.5676,47.0013,completed,
baseline,shifted,nominal,104202,129.9867,47.1083,completed,
baseline,missing,nominal,104219,156.6040,46.8221,completed,
baseline,known,nominal,104236,155.7320,47.0189,completed,
baseline,shifted,nominal,104253,136.7716,46.8560,completed,
baseline,missing,nominal,104270,113.0784,47.0630,completed,
baseline,known,nominal,104287,149.3399,46.8648,completed,
baseline,shifted,nominal,104304,175.8479,46.8089,completed,
baseline,missing,nominal,104321,160.4122,46.7839,completed,
baseline,known,nominal,104338,142.3163,46.8976,completed,
baseline,shifted,nominal,104355,262.7685,40.6489,violated,instrument-collision
baseline,missing,nominal,104372,125.4759,46.9045,completed,
baseline,known,nominal,104389,160.3481,47.2013,completed,
baseline,shifted,nominal,104406,140.9560,46.8701,completed,
baseline,missing,nominal,104423,182.8360,47.0681,completed,
baseline,known,nominal,104440,144.9735,46.8644,completed,
baseline,shifted,nominal,104457,107.4971,47.2966,completed,
baseline,missing,nominal,104474,135.3240,47.2636,completed,
baseline,known,nominal,104491,137.6258,46.8624,completed,
baseline,shifted,nominal,104508,161.4474,46.5129,completed,
baseline,missing,nominal,104525,147.8733,47.0617,completed,
baseline,known,nominal,104542,129.9540,46.8134,completed,
baseline,shifted,nominal,104559,848.6731,1.5941,violated,instrument-collision
baseline,missing,nominal,104576,174.8857,47.0343,completed,
baseline,known,nominal,104593,150.4419,46.9888,completed,
baseline,shifted,nominal,104610,147.4215,46.7234,completed,
baseline,missing,nominal,104627,149.0716,46.9723,completed,
baseline,known,nominal,104644,137.7885,47.0987,completed,
baseline,shifted,nominal,104661,135.6828,47.2453,completed,
baseline,missing,nominal,104678,141.4226,47.0256,completed,
baseline,known,nominal,104695,138.6796,47.1398,completed,
baseline,shifted,nominal,104712,184.2277,47.0040,completed,
baseline,missing,nominal,104729,133.9432,47.1568,completed,
baseline,known,nominal,104746,147.7741,46.9578,completed,
baseline,shifted,nominal,104763,143.6963,47.4663,completed,
baseline,missing,nominal,104780,154.0177,46.7431,completed,
baseline,known,nominal,104797,146.9148,47.1145,completed,
baseline,shifted,nominal,104814,136.6701,46.9330,completed,
baseline,missing,nominal,104831,142.5550,46.9618,completed,
baseline,known,nominal,104848,155.7635,46.9922,completed,
baseline,shifted,nominal,104865,150.6978,46.9389,completed,
baseline,missing,nominal,104882,158.8683,46.9638,completed,
baseline,known,nominal,104899,158.7692,47.0595,completed,
baseline,shifted,nominal,104916,158.1664,47.0318,completed,
baseline,missing,nominal,104933,151.7221,46.9563,completed,
baseline,known,nominal,104950,162.4083,46.9102,completed,
baseline,shifted,nominal,104967,595.3438,17.2233,violated,instrument-collision
baseline,missing,nominal,104984,127.6289,46.8356,completed,
baseline,known,nominal,105001,148.4301,46.8601,completed,
baseline,shifted,nominal,105018,608.0256,17.2253,violated,instrument-collision
baseline,missing,nominal,105035,154.9435,47.0044,completed,
baseline,known,nominal,105052,181.1970,46.6406,completed,
baseline,shifted,nominal,105069,136.1706,46.7862,completed,
baseline,missing,nominal,105086,115.7876,47.1491,completed,
baseline,known,nominal,105103,135.1912,47.1350,completed,
baseline,shifted,nominal,105120,177.5481,47.1973,completed,
baseline,missing,nominal,105137,154.6242,47.0980,completed,
baseline,known,nominal,105154,148.9726,47.0878,completed,
baseline,shifted,nominal,105171,732.3364,9.4113,violated,instrument-collision
baseline,missing,nominal,105188,139.7011,46.9937,completed,
baseline,known,nominal,105205,146.7349,46.8461,completed,
baseline,shifted,nominal,105222,139.8944,47.3678,completed,
baseline,missing,nominal,105239,140.3815,47.0296,completed,
baseline,known,nominal,105256,146.0250,46.9668,completed,
baseline,shifted,nominal,105273,595.7329,17.2192,violated,instrument-collision
baseline,missing,nominal,105290,126.6805,47.0197,completed,
baseline,known,nominal,105307,154.6705,46.7461,completed,
baseline,shifted,nominal,105324,148.3292,47.1088,completed,
baseline,missing,nominal,105341,145.2460,47.0555,completed,
baseline,known,nominal,105358,135.0052,47.0078,completed,
baseline,shifted,nominal,105375,113.0161,47.3726,completed,
baseline,missing,nominal,105392,152.1403,46.9289,completed,
baseline,known,nominal,105409,137.7161,47.0465,completed,
baseline,shifted,nominal,105426,154.0073,47.0860,completed,
baseline,missing,nominal,105443,126.9696,47.0329,completed,
baseline,known,nominal,105460,147.5039,46.9930,completed,
baseline,shifted,nominal,105477,150.4884,46.9619,completed,
baseline,missing,nominal,105494,177.8552,46.7405,completed,
baseline,known,nominal,105511,119.1907,46.9950,completed,
baseline,shifted,nominal,105528,642.8720,17.2178,violated,instrument-collision
baseline,missing,nominal,105545,154.2228,46.6642,completed,
baseline,known,nominal,105562,145.3888,46.8276,completed,
baseline,shifted,nominal,105579,131.9707,46.9797,completed,
baseline,missing,nominal,105596,127.6942,47.2258,completed,
baseline,known,nominal,105613,185.8023,46.9191,completed,
baseline,shifted,nominal,105630,164.3732,47.1067,completed,
baseline,missing,nominal,105647,128.4196,47.1834,completed,
baseline,known,nominal,105664,150.4714,47.3911,completed,
baseline,shifted,nominal,105681,497.3552,25.0322,violated,instrument-collision
baseline,missing,nominal,105698,118.7491,47.0461,completed,
baseline,known,nominal,105715,176.8717,46.6528,completed,
baseline,shifted,nominal,105732,153.3209,46.9861,completed,
baseline,missing,nominal,105749,193.9190,46.5964,completed,
baseline,known,nominal,105766,150.8734,47.0514,completed,
baseline,shifted,nominal,105783,146.0359,47.4108,completed,
baseline,missing,nominal,105800,186.8330,47.2110,completed,
baseline,known,nominal,105817,174.9425,47.1160,completed,
baseline,shifted,nominal,105834,372.4057,32.8380,violated,instrument-collision
baseline,missing,nominal,105851,124.4774,46.9298,completed,
baseline,known,nominal,105868,183.8957,46.8247,completed,
baseline,shifted,nominal,105885,161.6036,47.1364,completed,
baseline,missing,nominal,105902,159.4320,47.1163,completed,
baseline,known,nominal,105919,148.5173,47.0708,completed,
baseline,shifted,nominal,105936,132.5783,47.2412,completed,
baseline,missing,nominal,105953,170.3949,46.6755,completed,
baseline,known,nominal,105970,139.9677,46.9601,completed,
baseline,shifted,nominal,105987,166.1856,46.9893,completed,
baseline,missing,nominal,106004,189.6604,46.9050,completed,
baseline,known,nominal,106021,135.8150,47.0385,completed,
baseline,shifted,nominal,106038,139.5511,47.1551,completed,
baseline,missing,nominal,106055,116.1038,47.2886,completed,
baseline,known,nominal,106072,165.8719,46.9246,completed,
baseline,shifted,nominal,106089,162.3380,47.2586,completed,
baseline,missing,nominal,106106,182.8751,46.7922,completed,
baseline,known,nominal,106123,147.3295,46.9550,completed,
baseline,shifted,nominal,106140,115.6190,47.1271,completed,
baseline,missing,nominal,106157,144.4046,46.8359,completed,
baseline,known,nominal,106174,171.2747,46.7322,completed,
baseline,shifted,nominal,106191,147.0308,46.6084,completed,
baseline,missing,nominal,106208,148.9005,46.8506,completed,
baseline,known,nominal,106225,117.1316,46.9510,completed,
baseline,shifted,nominal,106242,143.7418,47.0829,completed,
baseline,missing,nominal,106259,159.6003,47.1917,completed,
baseline,known,nominal,106276,191.9529,46.9103,completed,
baseline,shifted,nominal,106293,169.9540,47.2575,completed,
baseline,missing,nominal,106310,149.9826,46.9774,completed,
baseline,known,nominal,106327,156.4446,46.7648,completed,
baseline,shifted,nominal,106344,358.8011,32.8408,violated,instrument-collision
baseline,missing,nominal,106361,126.3449,46.8401,completed,
baseline,known,nominal,106378,154.3662,47.0692,completed,
baseline,shifted,nominal,106395,862.8274,1.6050,violated,instrument-collision
baseline,missing,nominal,106412,164.8132,47.0290,completed,
baseline,known,nominal,106429,156.3309,46.8382,completed,
baseline,shifted,nominal,106446,740.0039,9.4122,violated,instrument-collision
baseline,missing,nominal,106463,129.5640,47.3532,completed,
baseline,known,nominal,106480,171.9628,46.9145,completed,
baseline,shifted,nominal,106497,140.5454,46.9788,completed,
baseline,missing,nominal,106514,140.3082,47.2581,completed,
baseline,known,nominal,106531,151.6368,46.9464,completed,
baseline,shifted,nominal,106548,852.9539,1.6019,violated,instrument-collision
baseline,missing,nominal,106565,167.6176,47.0515,completed,
baseline,known,nominal,106582,147.4792,47.1457,completed,
baseline,shifted,nominal,106599,132.3165,46.9740,completed,
baseline,missing,nominal,106616,141.0746,46.9805,completed,
baseline,known,nominal,106633,169.2750,47.0955,completed,
baseline,shifted,nominal,106650,161.5577,47.0667,completed,
baseline,missing,nominal,106667,162.8817,47.3040,completed,
baseline,known,nominal,106684,144.7701,47.1047,completed,
baseline,shifted,nominal,106701,139.9875,47.2651,completed,
baseline,missing,nominal,106718,145.3322,46.8660,completed,
baseline,known,nominal,106735,158.0476,47.2811,completed,
baseline,shifted,nominal,106752,261.1477,40.6519,violated,instrument-collision
baseline,missing,nominal,106769,135.7168,47.0137,completed,
baseline,known,nominal,106786,147.9428,46.5139,completed,
baseline,shifted,nominal,106803,179.1236,46.9381,completed,
baseline,missing,nominal,106820,110.6510,46.9835,completed,
baseline,known,nominal,106837,160.9298,47.2392,completed,
baseline,shifted,nominal,106854,132.6077,47.0667,completed,
baseline,missing,nominal,106871,156.3611,46.9590,completed,
baseline,known,nominal,106888,134.0658,46.9441,completed,
baseline,shifted,nominal,106905,138.6529,47.0505,completed,
baseline,missing,nominal,106922,122.8709,46.8692,completed,
baseline,known,nominal,106939,151.9899,46.7798,completed,
baseline,shifted,nominal,106956,133.2576,46.9068,completed,
baseline,missing,nominal,106973,182.0013,47.0771,completed,
baseline,known,nominal,106990,155.6769,47.0916,completed,
baseline,shifted,nominal,107007,486.4688,25.0304,violated,instrument-collision
baseline,missing,nominal,107024,132.8216,47.3878,completed,
baseline,known,nominal,107041,136.7129,47.1401,completed,
baseline,shifted,nominal,107058,344.6391,32.8393,violated,instrument-collision
baseline,missing,nominal,107075,165.0730,46.9430,completed,
baseline,known,nominal,107092,129.2464,47.0860,completed,
baseline,shifted,nominal,107109,140.3691,46.9408,completed,
baseline,missing,nominal,107126,147.1450,47.0018,completed,
baseline,known,nominal,107143,151.2040,47.0238,completed,
baseline,shifted,nominal,107160,145.7801,46.8381,completed,
baseline,missing,nominal,107177,132.6676,47.1806,completed,
baseline,known,nominal,107194,165.7759,46.9084,completed,
baseline,shifted,nominal,107211,152.5168,47.0583,completed,
baseline,missing,nominal,107228,186.9573,46.8712,completed,
baseline,known,nominal,107245,140.5083,46.9933,completed,
baseline,shifted,nominal,107262,159.6963,46.7590,completed,
baseline,missing,nominal,107279,150.0940,47.0332,completed,
baseline,known,nominal,107296,149.9443,47.2622,completed,
baseline,shifted,nominal,107313,133.1539,46.9438,completed,
baseline,missing,nominal,107330,125.4153,46.9890,completed,
baseline,known,nominal,107347,174.2175,46.8912,completed,
baseline,shifted,nominal,107364,833.9901,1.5998,violated,instrument-collision
baseline,missing,nominal,107381,158.7318,46.9186,completed,
baseline,known,nominal,107398,160.4000,47.0332,completed,
baseline,shifted,nominal,107415,372.4351,32.8446,violated,instrument-collision
baseline,missing,nominal,107432,186.2216,46.9662,completed,
baseline,known,nominal,107449,121.3932,46.9442,completed,
baseline,shifted,nominal,107466,133.5864,47.3074,completed,
baseline,missing,nominal,107483,161.6787,46.9923,completed,
baseline,known,nominal,107500,136.7938,47.4159,completed,
baseline,shifted,nominal,107517,152.4368,47.1114,completed,
baseline,missing,nominal,107534,151.3918,47.0015,completed,
baseline,known,nominal,107551,145.4893,46.9692,completed,
baseline,shifted,nominal,107568,856.1006,1.5978,violated,instrument-collision
baseline,missing,nominal,107585,147.6167,46.9212,completed,
baseline,known,nominal,107602,130.7910,47.1118,completed,
baseline,shifted,nominal,107619,171.4050,47.1016,completed,
baseline,missing,nominal,107636,137.0762,46.6937,completed,
baseline,known,nominal,107653,167.7572,47.1627,completed,
baseline,shifted,nominal,107670,138.7685,47.0650,completed,
baseline,missing,nominal,107687,147.5743,46.8106,completed,
baseline,known,nominal,107704,132.3081,46.9986,completed,
baseline,shifted,nominal,107721,148.7085,47.1621,completed,
baseline,missing,nominal,107738,153.6967,46.6743,completed,
baseline,known,nominal,107755,165.7163,46.8893,completed,
baseline,shifted,nominal,107772,128.5515,46.8544,completed,
baseline,missing,nominal,107789,198.5765,46.9094,completed,
baseline,known,nominal,107806,126.1256,47.1266,completed,
baseline,shifted,nominal,107823,147.0782,46.9502,completed,
baseline,missing,nominal,107840,155.2932,47.0991,completed,
baseline,known,nominal,107857,146.1779,47.1583,completed,
baseline,shifted,nominal,107874,142.7265,47.0384,completed,
baseline,missing,nominal,107891,142.0906,46.9380,completed,
baseline,known,nominal,107908,125.1187,46.9747,completed,
baseline,shifted,nominal,107925,137.7292,46.7375,completed,
baseline,missing,nominal,107942,141.0240,47.0679,completed,
baseline,known,nominal,107959,128.5101,46.9623,completed,
baseline,shifted,nominal,107976,154.0840,46.9309,completed,
baseline,missing,nominal,107993,104.8887,47.0495,completed,
baseline,known,nominal,108010,173.3109,46.9697,completed,
baseline,shifted,nominal,108027,124.8069,47.0928,completed,
baseline,missing,nominal,108044,190.4997,46.8860,completed,
baseline,known,nominal,108061,165.7753,47.1738,completed,
baseline,shifted,nominal,108078,825.3246,1.5975,violated,instrument-collision
baseline,missing,nominal,108095,147.8386,46.8000,completed,
baseline,known,nominal,108112,136.3307,46.9632,completed,
baseline,shifted,nominal,108129,164.8846,46.9494,completed,
baseline,missing,nominal,108146,167.0425,47.1971,completed,
baseline,known,nominal,108163,130.0343,47.2353,completed,
baseline,shifted,nominal,108180,185.0357,47.1031,completed,
baseline,missing,nominal,108197,182.3095,47.1043,completed,
baseline,known,nominal,108214,146.4311,46.8801,completed,
baseline,shifted,nominal,108231,156.8659,47.0662,completed,
baseline,missing,nominal,108248,134.1223,47.2111,completed,
baseline,known,nominal,108265,130.8325,47.0798,completed,
baseline,shifted,nominal,108282,193.0533,46.9262,completed,
baseline,missing,nominal,108299,172.5381,47.0294,completed,
baseline,known,nominal,108316,150.7900,46.9048,completed,
baseline,shifted,nominal,108333,143.8133,47.1511,completed,
baseline,missing,nominal,108350,138.5560,46.9293,completed,
baseline,known,nominal,108367,169.6343,47.2334,completed,
baseline,shifted,nominal,108384,111.1440,47.1490,completed,
baseline,missing,nominal,108401,154.2666,47.1331,completed,
baseline,known,nominal,108418,148.1043,46.9069,completed,
baseline,shifted,nominal,108435,147.5272,47.0517,completed,
baseline,missing,nominal,108452,160.7563,46.8575,completed,
baseline,known,nominal,108469,142.5785,47.2255,completed,
baseline,shifted,nominal,108486,137.8485,46.5721,completed,
baseline,missing,nominal,108503,166.8619,46.7273,completed,
baseline,known,nominal,108520,135.3390,46.9587,completed,
baseline,shifted,nominal,108537,502.5495,25.0349,violated,instrument-collision
baseline,missing,nominal,108554,184.2057,46.9465,completed,
baseline,known,nominal,108571,129.1313,46.8801,completed,
baseline,shifted,nominal,108588,527.6210,25.0278,violated,instrument-collision
baseline,missing,nominal,108605,152.6604,47.1748,completed,
baseline,known,nominal,108622,119.0485,47.0219,completed,
baseline,shifted,nominal,108639,148.1620,47.1050,completed,
baseline,missing,nominal,108656,152.9549,47.1388,completed,
baseline,known,nominal,108673,148.7942,46.7177,completed,
baseline,shifted,nominal,108690,130.5986,47.2523,completed,
optimized,known,nominal,100003,130.6711,48.0603,completed,
optimized,shifted,nominal,100020,146.2392,47.5967,completed,
optimized,missing,nominal,100037,147.1598,47.9786,completed,
optimized,known,nominal,100054,135.6407,48.1190,completed,
optimized,shifted,nominal,100071,542.4180,22.2823,violated,instrument-collision
optimized,missing,nominal,100088,153.2534,48.2595,completed,
optimized,known,nominal,100105,102.1460,47.9448,completed,
optimized,shifted,nominal,100122,731.7011,8.4877,violated,instrument-collision
optimized,missing,nominal,100139,174.1593,48.5003,completed,
optimized,known,nominal,100156,154.9432,47.9592,completed,
optimized,shifted,nominal,100173,128.9876,48.0257,completed,
optimized,missing,nominal,100190,136.3114,48.2262,completed,
optimized,known,nominal,100207,163.3981,47.9626,completed,
optimized,shifted,nominal,100224,152.9161,48.0811,completed,
optimized,missing,nominal,100241,157.4587,48.1671,completed,
optimized,known,nominal,100258,157.7380,48.0832,completed,
optimized,shifted,nominal,100275,157.8054,47.9067,completed,
optimized,missing,nominal,100292,174.1537,48.1560,completed,
optimized,known,nominal,100309,144.4156,47.8572,completed,
optimized,shifted,nominal,100326,625.9558,15.3849,violated,instrument-collision
optimized,missing,nominal,100343,166.9534,47.4957,completed,
optimized,known,nominal,100360,129.3026,48.1766,completed,
optimized,shifted,nominal,100377,116.2950,48.3390,completed,
optimized,missing,nominal,100394,140.8803,48.1589,completed,
optimized,known,nominal,100411,132.7622,48.0641,completed,
optimized,shifted,nominal,100428,150.1111,48.0872,completed,
optimized,missing,nominal,100445,176.3364,47.9988,completed,
optimized,known,nominal,100462,136.4692,48.0603,completed,
optimized,shifted,nominal,100479,137.3297,48.3803,completed,
optimized,missing,nominal,100496,174.1664,48.0652,completed,
optimized,known,nominal,100513,157.1588,47.8833,completed,
optimized,shifted,nominal,100530,147.0864,47.7058,completed,
optimized,missing,nominal,100547,152.4581,47.9459,completed,
optimized,known,nominal,100564,146.2967,48.0883,completed,
optimized,shifted,nominal,100581,133.9869,48.2343,completed,
optimized,missing,nominal,100598,205.9388,47.7557,completed,
optimized,known,nominal,100615,155.7535,48.0401,completed,
optimized,shifted,nominal,100632,128.5660,48.0634,completed,
optimized,missing,nominal,100649,119.2932,47.9498,completed,
optimized,known,nominal,100666,165.1426,48.0909,completed,
optimized,shifted,nominal,100683,117.3309,47.8743,completed,
optimized,missing,nominal,100700,181.2827,47.9903,completed,
optimized,known,nominal,100717,168.2909,47.8060,completed,
optimized,shifted,nominal,100734,139.1563,48.0060,completed,
optimized,missing,nominal,100751,131.1713,48.0295,completed,
optimized,known,nominal,100768,168.4548,47.9629,completed,
optimized,shifted,nominal,100785,151.2803,48.0295,completed,
optimized,missing,nominal,100802,163.5818,47.9426,completed,
optimized,known,nominal,100819,131.1271,48.5008,completed,
optimized,shifted,nominal,100836,244.6586,42.9890,violated,instrument-collision
optimized,missing,nominal,100853,118.0223,48.1660,completed,
optimized,known,nominal,100870,154.4865,47.7743,completed,
optimized,shifted,nominal,100887,157.4872,48.1641,completed,
optimized,missing,nominal,100904,156.9991,47.8480,completed,
optimized,known,nominal,100921,118.8889,48.3705,completed,
optimized,shifted,nominal,100938,172.0255,48.2386,completed,
optimized,missing,nominal,100955,158.3190,47.7701,completed,
optimized,known,nominal,100972,196.6782,48.2027,completed,
optimized,shifted,nominal,100989,128.2485,48.0252,completed,
optimized,missing,nominal,101006,180.5576,47.7551,completed,
optimized,known,nominal,101023,168.2171,48.3340,completed,
optimized,shifted,nominal,101040,163.0354,47.8143,completed,
optimized,missing,nominal,101057,141.9099,47.7374,completed,
optimized,known,nominal,101074,122.7021,48.1181,completed,
optimized,shifted,nominal,101091,177.8767,48.2898,completed,
optimized,missing,nominal,101108,131.1536,48.0683,completed,
optimized,known,nominal,101125,154.8960,47.8858,completed,
optimized,shifted,nominal,101142,134.2986,47.9776,completed,
optimized,missing,nominal,101159,154.3522,48.0564,completed,
optimized,known,nominal,101176,165.6247,48.1090,completed,
optimized,shifted,nominal,101193,867.4713,1.5804,violated,instrument-collision
optimized,missing,nominal,101210,176.3597,48.2511,completed,
optimized,known,nominal,101227,145.8197,47.9868,completed,
optimized,shifted,nominal,101244,659.3031,15.3865,violated,instrument-collision
optimized,missing,nominal,101261,120.8558,48.1325,completed,
optimized,known,nominal,101278,150.1554,48.0270,completed,
optimized,shifted,nominal,101295,131.7126,47.8236,completed,
optimized,missing,nominal,101312,145.1348,48.1626,completed,
optimized,known,nominal,101329,151.4503,48.0171,completed,
optimized,shifted,nominal,101346,673.0788,15.3866,violated,instrument-collision
optimized,missing,nominal,101363,138.5380,48.0374,completed,
optimized,known,nominal,101380,127.4500,47.8428,completed,
optimized,shifted,nominal,101397,138.0884,47.9771,completed,
optimized,missing,nominal,101414,128.1508,47.9477,completed,
optimized,known,nominal,101431,112.1300,48.1268,completed,
optimized,shifted,nominal,101448,175.5475,47.9483,completed,
optimized,missing,nominal,101465,172.9265,47.7488,completed,
optimized,known,nominal,101482,155.2971,47.9920,completed,
optimized,shifted,nominal,101499,126.5395,48.0792,completed,
optimized,missing,nominal,101516,174.4717,47.8415,completed,
optimized,known,nominal,101533,115.9948,48.1033,completed,
optimized,shifted,nominal,101550,155.4273,48.1219,completed,
optimized,missing,nominal,101567,148.9481,47.8987,completed,
optimized,known,nominal,101584,152.5084,48.0841,completed,
optimized,shifted,nominal,101601,138.6780,47.8538,completed,
optimized,missing,nominal,101618,128.7710,48.2393,completed,
optimized,known,nominal,101635,118.1794,48.2854,completed,
optimized,shifted,nominal,101652,135.7233,48.1428,completed,
optimized,missing,nominal,101669,140.6684,47.7984,completed,
optimized,known,nominal,101686,140.6494,47.9087,completed,
optimized,shifted,nominal,101703,139.4792,48.2237,completed,
optimized,missing,nominal,101720,156.3249,47.8694,completed,
optimized,known,nominal,101737,174.8622,47.7310,completed,
optimized,shifted,nominal,101754,123.7850,48.1741,completed,
optimized,missing,nominal,101771,133.2117,48.1716,completed,
optimized,known,nominal,101788,172.7665,47.8779,completed,
optimized,shifted,nominal,101805,135.1421,47.8187,completed,
optimized,missing,nominal,101822,131.7249,47.6937,completed,
optimized,known,nominal,101839,123.0334,48.3204,completed,
optimized,shifted,nominal,101856,452.9779,29.1901,violated,instrument-collision
optimized,missing,nominal,101873,139.1017,48.1183,completed,
optimized,known,nominal,101890,153.6357,47.9680,completed,
optimized,shifted,nominal,101907,150.3936,48.0970,completed,
optimized,missing,nominal,101924,133.6711,47.9731,completed,
optimized,known,nominal,101941,139.4594,48.1361,completed,
optimized,shifted,nominal,101958,166.6121,47.8701,completed,
optimized,missing,nominal,101975,135.6636,47.8478,completed,
optimized,known,nominal,101992,137.2411,48.1199,completed,
optimized,shifted,nominal,102009,177.4619,47.8432,completed,
optimized,missing,nominal,102026,161.3171,48.1208,completed,
optimized,known,nominal,102043,143.0031,47.9509,completed,
optimized,shifted,nominal,102060,845.3720,1.5819,violated,instrument-collision
optimized,missing,nominal,102077,156.5226,47.7447,completed,
optimized,known,nominal,102094,166.3840,48.1640,completed,
optimized,shifted,nominal,102111,123.6715,48.0740,completed,
optimized,missing,nominal,102128,168.0549,47.7776,completed,
optimized,known,nominal,102145,186.1686,47.9796,completed,
optimized,shifted,nominal,102162,137.4304,47.8662,completed,
optimized,missing,nominal,102179,153.2017,47.8538,completed,
optimized,known,nominal,102196,109.7599,47.9961,completed,
optimized,shifted,nominal,102213,148.8318,48.1167,completed,
optimized,missing,nominal,102230,164.4152,47.8806,completed,
optimized,known,nominal,102247,173.8270,47.9218,completed,
optimized,shifted,nominal,102264,145.4671,48.0871,completed,
optimized,missing,nominal,102281,162.0253,47.8272,completed,
optimized,known,nominal,102298,124.3062,47.9509,completed,
optimized,shifted,nominal,102315,139.5655,48.2840,completed,
optimized,missing,nominal,102332,149.2215,48.0805,completed,
optimized,known,nominal,102349,145.2279,47.8996,completed,
optimized,shifted,nominal,102366,142.9510,47.7569,completed,
optimized,missing,nominal,102383,150.2366,48.1602,completed,
optimized,known,nominal,102400,156.3655,48.1050,completed,
optimized,shifted,nominal,102417,532.7456,22.2824,violated,instrument-collision
optimized,missing,nominal,102434,103.6213,47.9887,completed,
optimized,known,nominal,102451,134.5435,48.0196,completed,
optimized,shifted,nominal,102468,181.3854,48.1175,completed,
optimized,missing,nominal,102485,129.0171,48.1256,completed,
optimized,known,nominal,102502,160.3705,47.7949,completed,
optimized,shifted,nominal,102519,161.3837,48.0170,completed,
optimized,missing,nominal,102536,135.1153,47.9504,completed,
optimized,known,nominal,102553,143.9150,47.9573,completed,
optimized,shifted,nominal,102570,160.1645,48.1942,completed,
optimized,missing,nominal,102587,152.5455,47.9391,completed,
optimized,known,nominal,102604,154.3191,48.1571,completed,
optimized,shifted,nominal,102621,194.3945,47.9906,completed,
optimized,missing,nominal,102638,118.6979,48.1659,completed,
optimized,known,nominal,102655,177.4284,47.9314,completed,
optimized,shifted,nominal,102672,113.4806,48.1032,completed,
optimized,missing,nominal,102689,143.8614,48.0857,completed,
optimized,known,nominal,102706,173.8427,47.8546,completed,
optimized,shifted,nominal,102723,148.6168,48.0299,completed,
optimized,missing,nominal,102740,142.0393,48.2578,completed,
optimized,known,nominal,102757,150.6591,48.0252,completed,
optimized,shifted,nominal,102774,166.7406,47.8642,completed,
optimized,missing,nominal,102791,139.0011,47.9844,completed,
optimized,known,nominal,102808,138.2016,47.8955,completed,
optimized,shifted,nominal,102825,853.6140,1.5812,violated,instrument-collision
optimized,missing,nominal,102842,173.6031,48.1613,completed,
optimized,known,nominal,102859,158.2744,48.0264,completed,
optimized,shifted,nominal,102876,151.2314,47.8817,completed,
optimized,missing,nominal,102893,136.4762,48.0316,completed,
optimized,known,nominal,102910,155.3459,47.7952,completed,
optimized,shifted,nominal,102927,150.2000,48.1150,completed,
optimized,missing,nominal,102944,147.7676,47.6857,completed,
optimized,known,nominal,102961,154.0513,48.1566,completed,
optimized,shifted,nominal,102978,155.8336,47.8678,completed,
optimized,missing,nominal,102995,160.4884,48.2942,completed,
optimized,known,nominal,103012,139.5965,48.0592,completed,
optimized,shifted,nominal,103029,135.6180,47.9645,completed,
optimized,missing,nominal,103046,160.3143,48.1277,completed,
optimized,known,nominal,103063,145.0816,47.9485,completed,
optimized,shifted,nominal,103080,726.5156,8.4824,violated,instrument-collision
optimized,missing,nominal,103097,133.8119,48.0985,completed,
optimized,known,nominal,103114,174.6889,47.9787,completed,
optimized,shifted,nominal,103131,137.4127,48.3816,completed,
optimized,missing,nominal,103148,142.3953,47.8650,completed,
optimized,known,nominal,103165,151.8404,47.8995,completed,
optimized,shifted,nominal,103182,164.1929,47.6898,completed,
optimized,missing,nominal,103199,166.9676,47.7408,completed,
optimized,known,nominal,103216,147.3212,48.2556,completed,
optimized,shifted,nominal,103233,358.9665,36.0876,violated,instrument-collision
optimized,missing,nominal,103250,145.9620,47.7532,completed,
optimized,known,nominal,103267,174.2996,48.0406,completed,
optimized,shifted,nominal,103284,407.6860,29.1855,violated,instrument-collision
optimized,missing,nominal,103301,145.8593,47.7910,completed,
optimized,known,nominal,103318,153.4592,48.0691,completed,
optimized,shifted,nominal,103335,131.8472,47.7642,completed,
optimized,missing,nominal,103352,152.2516,47.5688,completed,
optimized,known,nominal,103369,137.7432,48.3507,completed,
optimized,shifted,nominal,103386,114.1955,48.0183,completed,
optimized,missing,nominal,103403,142.3342,48.4070,completed,
optimized,known,nominal,103420,131.2810,47.9110,completed,
optimized,shifted,nominal,103437,132.3189,48.1329,completed,
optimized,missing,nominal,103454,140.8333,48.4206,completed,
optimized,known,nominal,103471,159.9866,48.0613,completed,
optimized,shifted,nominal,103488,150.7678,47.8981,completed,
optimized,missing,nominal,103505,147.9594,47.9237,completed,
optimized,known,nominal,103522,169.7920,48.0134,completed,
optimized,shifted,nominal,103539,109.0720,48.0041,completed,
optimized,missing,nominal,103556,140.9594,48.1605,completed,
optimized,known,nominal,103573,201.0550,48.1081,completed,
optimized,shifted,nominal,103590,160.3861,47.7582,completed,
optimized,missing,nominal,103607,121.1491,48.1014,completed,
optimized,known,nominal,103624,125.5501,48.1542,completed,
optimized,shifted,nominal,103641,116.8769,47.9263,completed,
optimized,missing,nominal,103658,199.8832,48.0221,completed,
optimized,known,nominal,103675,167.6471,47.9097,completed,
optimized,shifted,nominal,103692,144.2883,47.9919,completed,
optimized,missing,nominal,103709,131.6978,47.9881,completed,
optimized,known,nominal,103726,152.5311,47.4612,completed,
optimized,shifted,nominal,103743,155.9850,47.7272,completed,
optimized,missing,nominal,103760,147.0548,48.0160,completed,
optimized,known,nominal,103777,123.6596,47.8752,completed,
optimized,shifted,nominal,103794,129.7946,48.0238,completed,
optimized,missing,nominal,103811,206.8225,47.7598,completed,
optimized,known,nominal,103828,145.1629,47.8536,completed,
optimized,shifted,nominal,103845,544.0738,22.2841,violated,instrument-collision
optimized,missing,nominal,103862,139.4119,47.9781,completed,
optimized,known,nominal,103879,169.2858,48.1125,completed,
optimized,shifted,nominal,103896,111.7241,48.3464,completed,
optimized,missing,nominal,103913,179.6181,48.1496,completed,
optimized,known,nominal,103930,159.5943,47.9988,completed,
optimized,shifted,nominal,103947,608.5196,15.3809,violated,instrument-collision
optimized,missing,nominal,103964,148.0219,48.0584,completed,
optimized,known,nominal,103981,148.4845,48.2699,completed,
optimized,shifted,nominal,103998,149.1900,48.0784,completed,
optimized,missing,nominal,104015,152.2826,48.1794,completed,
optimized,known,nominal,104032,198.5711,47.7850,completed,
optimized,shifted,nominal,104049,135.1702,47.7867,completed,
optimized,missing,nominal,104066,181.5929,47.6900,completed,
optimized,known,nominal,104083,139.8955,47.9355,completed,
optimized,shifted,nominal,104100,156.5284,47.7746,completed,
optimized,missing,nominal,104117,181.0343,48.1041,completed,
optimized,known,nominal,104134,185.1399,47.9491,completed,
optimized,shifted,nominal,104151,116.5919,48.1652,completed,
optimized,missing,nominal,104168,163.7281,48.1456,completed,
optimized,known,nominal,104185,165.6142,47.9893,completed,
optimized,shifted,nominal,104202,130.3126,48.0974,completed,
optimized,missing,nominal,104219,154.2739,47.8174,completed,
optimized,known,nominal,104236,158.0600,47.9901,completed,
optimized,shifted,nominal,104253,134.9511,47.8375,completed,
optimized,missing,nominal,104270,112.8741,48.0457,completed,
optimized,known,nominal,104287,149.8390,47.8347,completed,
optimized,shifted,nominal,104304,174.4019,47.8052,completed,
optimized,missing,nominal,104321,160.2582,47.7838,completed,
optimized,known,nominal,104338,139.0750,47.8871,completed,
optimized,shifted,nominal,104355,240.0535,42.9857,violated,instrument-collision
optimized,missing,nominal,104372,125.7440,47.8877,completed,
optimized,known,nominal,104389,158.1985,48.1868,completed,
optimized,shifted,nominal,104406,139.2886,47.8539,completed,
optimized,missing,nominal,104423,181.1587,48.0381,completed,
optimized,known,nominal,104440,145.1773,47.8563,completed,
optimized,shifted,nominal,104457,106.8870,48.2787,completed,
optimized,missing,nominal,104474,138.6694,48.2561,completed,
optimized,known,nominal,104491,140.5522,47.8628,completed,
optimized,shifted,nominal,104508,160.3626,47.5042,completed,
optimized,missing,nominal,104525,148.1174,48.0620,completed,
optimized,known,nominal,104542,129.7634,47.7991,completed,
optimized,shifted,nominal,104559,848.6731,1.5766,violated,instrument-collision
optimized,missing,nominal,104576,175.5280,48.0284,completed,
optimized,known,nominal,104593,150.1147,47.9701,completed,
optimized,shifted,nominal,104610,148.8807,47.7121,completed,
optimized,missing,nominal,104627,146.4896,47.9637,completed,
optimized,known,nominal,104644,136.6250,48.0842,completed,
optimized,shifted,nominal,104661,134.3279,48.2398,completed,
optimized,missing,nominal,104678,139.2692,48.0172,completed,
optimized,known,nominal,104695,137.9624,48.1374,completed,
optimized,shifted,nominal,104712,183.7073,47.9965,completed,
optimized,missing,nominal,104729,132.4304,48.1392,completed,
optimized,known,nominal,104746,144.8989,47.9490,completed,
optimized,shifted,nominal,104763,141.9672,48.4485,completed,
optimized,missing,nominal,104780,157.3596,47.7239,completed,
optimized,known,nominal,104797,147.8637,48.0997,completed,
optimized,shifted,nominal,104814,137.3366,47.9208,completed,
optimized,missing,nominal,104831,141.8077,47.9524,completed,
optimized,known,nominal,104848,156.9825,47.9760,completed,
optimized,shifted,nominal,104865,148.6177,47.9221,completed,
optimized,missing,nominal,104882,155.4229,47.9601,completed,
optimized,known,nominal,104899,156.1575,48.0603,completed,
optimized,shifted,nominal,104916,157.1429,48.0073,completed,
optimized,missing,nominal,104933,151.9128,47.9367,completed,
optimized,known,nominal,104950,165.0046,47.8928,completed,
optimized,shifted,nominal,104967,627.7599,15.3869,violated,instrument-collision
optimized,missing,nominal,104984,128.5902,47.8041,completed,
optimized,known,nominal,105001,149.8816,47.8444,completed,
optimized,shifted,nominal,105018,640.0630,15.3890,violated,instrument-collision
optimized,missing,nominal,105035,153.9099,47.9719,completed,
optimized,known,nominal,105052,181.9022,47.6224,completed,
optimized,shifted,nominal,105069,135.7529,47.7748,completed,
optimized,missing,nominal,105086,113.0060,48.1449,completed,
optimized,known,nominal,105103,135.7623,48.0984,completed,
optimized,shifted,nominal,105120,177.2309,48.1797,completed,
optimized,missing,nominal,105137,154.1006,48.0833,completed,
optimized,known,nominal,105154,149.2762,48.0704,completed,
optimized,shifted,nominal,105171,748.6602,8.4844,violated,instrument-collision
optimized,missing,nominal,105188,140.2340,47.9776,completed,
optimized,known,nominal,105205,146.1456,47.8352,completed,
optimized,shifted,nominal,105222,141.2967,48.3527,completed,
optimized,missing,nominal,105239,141.7073,48.0176,completed,
optimized,known,nominal,105256,144.6887,47.9539,completed,
optimized,shifted,nominal,105273,627.8682,15.3829,violated,instrument-collision
optimized,missing,nominal,105290,124.7565,48.0055,completed,
optimized,known,nominal,105307,152.0354,47.7314,completed,
optimized,shifted,nominal,105324,149.0036,48.0951,completed,
optimized,missing,nominal,105341,145.0879,48.0500,completed,
optimized,known,nominal,105358,133.4607,47.9780,completed,
optimized,shifted,nominal,105375,113.2092,48.3634,completed,
optimized,missing,nominal,105392,150.2937,47.9159,completed,
optimized,known,nominal,105409,138.2915,48.0350,completed,
optimized,shifted,nominal,105426,153.8314,48.0743,completed,
optimized,missing,nominal,105443,127.2304,48.0210,completed,
optimized,known,nominal,105460,147.6656,47.9612,completed,
optimized,shifted,nominal,105477,150.6117,47.9459,completed,
optimized,missing,nominal,105494,179.4224,47.7179,completed,
optimized,known,nominal,105511,118.5765,47.9864,completed,
optimized,shifted,nominal,105528,565.0761,22.2822,violated,instrument-collision
optimized,missing,nominal,105545,154.9121,47.6449,completed,
optimized,known,nominal,105562,145.5281,47.8043,completed,
optimized,shifted,nominal,105579,130.7497,47.9827,completed,
optimized,missing,nominal,105596,126.7351,48.1988,completed,
optimized,known,nominal,105613,186.7588,47.8918,completed,
optimized,shifted,nominal,105630,163.4112,48.0989,completed,
optimized,missing,nominal,105647,128.6028,48.1726,completed,
optimized,known,nominal,105664,151.6344,48.3864,completed,
optimized,shifted,nominal,105681,544.6415,22.2864,violated,instrument-collision
optimized,missing,nominal,105698,116.7040,48.0330,completed,
optimized,known,nominal,105715,176.8207,47.6503,completed,
optimized,shifted,nominal,105732,151.4785,47.9705,completed,
optimized,missing,nominal,105749,196.4943,47.5949,completed,
optimized,known,nominal,105766,154.6570,48.0294,completed,
optimized,shifted,nominal,105783,146.8662,48.3947,completed,
optimized,missing,nominal,105800,184.5972,48.1924,completed,
optimized,known,nominal,105817,175.7639,48.0978,completed,
optimized,shifted,nominal,105834,336.1655,36.0843,violated,instrument-collision
optimized,missing,nominal,105851,124.7832,47.9040,completed,
optimized,known,nominal,105868,182.1831,47.8269,completed,
optimized,shifted,nominal,105885,164.9100,48.1097,completed,
optimized,missing,nominal,105902,159.2416,48.1047,completed,
optimized,known,nominal,105919,149.5341,48.0575,completed,
optimized,shifted,nominal,105936,130.5778,48.2287,completed,
optimized,missing,nominal,105953,166.8617,47.6706,completed,
optimized,known,nominal,105970,140.8935,47.9547,completed,
optimized,shifted,nominal,105987,165.2628,47.9796,completed,
optimized,missing,nominal,106004,189.9878,47.8729,completed,
optimized,known,nominal,106021,134.4563,48.0372,completed,
optimized,shifted,nominal,106038,137.4123,48.1354,completed,
optimized,missing,nominal,106055,117.2630,48.2701,completed,
optimized,known,nominal,106072,165.9647,47.9046,completed,
optimized,shifted,nominal,106089,162.1612,48.2447,completed,
optimized,missing,nominal,106106,182.4738,47.7960,completed,
optimized,known,nominal,106123,145.7595,47.9332,completed,
optimized,shifted,nominal,106140,116.4179,48.1055,completed,
optimized,missing,nominal,106157,144.8375,47.8283,completed,
optimized,known,nominal,106174,168.6069,47.7283,completed,
optimized,shifted,nominal,106191,150.1465,47.5989,completed,
optimized,missing,nominal,106208,149.6299,47.8450,completed,
optimized,known,nominal,106225,116.6946,47.9385,completed,
optimized,shifted,nominal,106242,144.0846,48.0860,completed,
optimized,missing,nominal,106259,161.4889,48.1678,completed,
optimized,known,nominal,106276,190.3276,47.8836,completed,
optimized,shifted,nominal,106293,172.4536,48.2330,completed,
optimized,missing,nominal,106310,149.2470,47.9688,completed,
optimized,known,nominal,106327,155.3336,47.7461,completed,
optimized,shifted,nominal,106344,319.3414,36.0859,violated,instrument-collision
optimized,missing,nominal,106361,127.9167,47.8175,completed,
optimized,known,nominal,106378,157.6581,48.0453,completed,
optimized,shifted,nominal,106395,862.8274,1.5874,violated,instrument-collision
optimized,missing,nominal,106412,165.6320,48.0038,completed,
optimized,known,nominal,106429,154.9990,47.8027,completed,
optimized,shifted,nominal,106446,650.8632,15.3860,violated,instrument-collision
optimized,missing,nominal,106463,129.4842,48.3439,completed,
optimized,known,nominal,106480,171.2953,47.8925,completed,
optimized,shifted,nominal,106497,139.9133,47.9479,completed,
optimized,missing,nominal,106514,139.2789,48.2339,completed,
optimized,known,nominal,106531,150.8077,47.9160,completed,
optimized,shifted,nominal,106548,852.9539,1.5844,violated,instrument-collision
optimized,missing,nominal,106565,167.8971,48.0324,completed,
optimized,known,nominal,106582,146.9176,48.1276,completed,
optimized,shifted,nominal,106599,133.0562,47.9340,completed,
optimized,missing,nominal,106616,141.5337,47.9622,completed,
optimized,known,nominal,106633,169.3311,48.0860,completed,
optimized,shifted,nominal,106650,163.5622,48.0282,completed,
optimized,missing,nominal,106667,162.1180,48.2829,completed,
optimized,known,nominal,106684,144.9928,48.1013,completed,
optimized,shifted,nominal,106701,140.6115,48.2417,completed,
optimized,missing,nominal,106718,144.9673,47.8577,completed,
optimized,known,nominal,106735,155.9988,48.2559,completed,
optimized,shifted,nominal,106752,339.9441,36.0874,violated,instrument-collision
optimized,missing,nominal,106769,136.0571,47.9868,completed,
optimized,known,nominal,106786,146.3644,47.4878,completed,
optimized,shifted,nominal,106803,178.0666,47.9265,completed,
optimized,missing,nominal,106820,109.9633,47.9660,completed,
optimized,known,nominal,106837,160.3898,48.2326,completed,
optimized,shifted,nominal,106854,132.9824,48.0570,completed,
optimized,missing,nominal,106871,156.1681,47.9634,completed,
optimized,known,nominal,106888,132.9664,47.9151,completed,
optimized,shifted,nominal,106905,138.6822,48.0318,completed,
optimized,missing,nominal,106922,122.9590,47.8468,completed,
optimized,known,nominal,106939,151.6215,47.7760,completed,
optimized,shifted,nominal,106956,132.4475,47.8926,completed,
optimized,missing,nominal,106973,181.0089,48.0530,completed,
optimized,known,nominal,106990,154.4126,48.0781,completed,
optimized,shifted,nominal,107007,533.2505,22.2846,violated,instrument-collision
optimized,missing,nominal,107024,133.0294,48.3777,completed,
optimized,known,nominal,107041,136.9349,48.1246,completed,
optimized,shifted,nominal,107058,304.5301,36.0850,violated,instrument-collision
optimized,missing,nominal,107075,163.3376,47.9264,completed,
optimized,known,nominal,107092,131.3463,48.0662,completed,
optimized,shifted,nominal,107109,142.1091,47.9248,completed,
optimized,missing,nominal,107126,146.7505,47.9978,completed,
optimized,known,nominal,107143,153.5489,48.0134,completed,
optimized,shifted,nominal,107160,146.7061,47.8296,completed,
optimized,missing,nominal,107177,132.2131,48.1613,completed,
optimized,known,nominal,107194,165.1082,47.8894,completed,
optimized,shifted,nominal,107211,151.8634,48.0422,completed,
optimized,missing,nominal,107228,185.7757,47.8672,completed,
optimized,known,nominal,107245,139.0039,47.9675,completed,
optimized,shifted,nominal,107262,159.1113,47.7500,completed,
optimized,missing,nominal,107279,150.8960,48.0229,completed,
optimized,known,nominal,107296,151.0601,48.2386,completed,
optimized,shifted,nominal,107313,132.7202,47.9311,completed,
optimized,missing,nominal,107330,126.8479,47.9556,completed,
optimized,known,nominal,107347,173.4029,47.8876,completed,
optimized,shifted,nominal,107364,833.9901,1.5823,violated,instrument-collision
optimized,missing,nominal,107381,159.6401,47.8956,completed,
optimized,known,nominal,107398,161.1420,48.0164,completed,
optimized,shifted,nominal,107415,332.3041,36.0911,violated,instrument-collision
optimized,missing,nominal,107432,188.0025,47.9407,completed,
optimized,known,nominal,107449,119.9525,47.9431,completed,
optimized,shifted,nominal,107466,133.8859,48.2911,completed,
optimized,missing,nominal,107483,161.6858,47.9751,completed,
optimized,known,nominal,107500,136.0323,48.4003,completed,
optimized,shifted,nominal,107517,151.6643,48.0874,completed,
optimized,missing,nominal,107534,151.1536,47.9850,completed,
optimized,known,nominal,107551,145.2820,47.9438,completed,
optimized,shifted,nominal,107568,856.1006,1.5802,violated,instrument-collision
optimized,missing,nominal,107585,143.7993,47.8932,completed,
optimized,known,nominal,107602,129.1183,48.0887,completed,
optimized,shifted,nominal,107619,168.7709,48.0849,completed,
optimized,missing,nominal,107636,140.1031,47.6839,completed,
optimized,known,nominal,107653,168.7727,48.1424,completed,
optimized,shifted,nominal,107670,136.8406,48.0608,completed,
optimized,missing,nominal,107687,147.8308,47.7970,completed,
optimized,known,nominal,107704,128.7109,47.9823,completed,
optimized,shifted,nominal,107721,149.3029,48.1571,completed,
optimized,missing,nominal,107738,156.0186,47.6651,completed,
optimized,known,nominal,107755,166.1868,47.8905,completed,
optimized,shifted,nominal,107772,129.2737,47.8193,completed,
optimized,missing,nominal,107789,198.7109,47.8898,completed,
optimized,known,nominal,107806,128.4801,48.1098,completed,
optimized,shifted,nominal,107823,149.3797,47.9354,completed,
optimized,missing,nominal,107840,156.4885,48.0800,completed,
optimized,known,nominal,107857,145.2956,48.1361,completed,
optimized,shifted,nominal,107874,141.4804,48.0151,completed,
optimized,missing,nominal,107891,143.8782,47.9323,completed,
optimized,known,nominal,107908,128.0400,47.9486,completed,
optimized,shifted,nominal,107925,139.2110,47.7262,completed,
optimized,missing,nominal,107942,140.1725,48.0593,completed,
optimized,known,nominal,107959,128.2724,47.9506,completed,
optimized,shifted,nominal,107976,153.8490,47.9098,completed,
optimized,missing,nominal,107993,101.1513,48.0245,completed,
optimized,known,nominal,108010,172.2026,47.9689,completed,
optimized,shifted,nominal,108027,125.0252,48.0715,completed,
optimized,missing,nominal,108044,190.4454,47.8729,completed,
optimized,known,nominal,108061,166.4854,48.1694,completed,
optimized,shifted,nominal,108078,825.3246,1.5800,violated,instrument-collision
optimized,missing,nominal,108095,147.3201,47.7941,completed,
optimized,known,nominal,108112,136.6824,47.9452,completed,
optimized,shifted,nominal,108129,165.3022,47.9374,completed,
optimized,missing,nominal,108146,165.6199,48.1848,completed,
optimized,known,nominal,108163,128.2642,48.2317,completed,
optimized,shifted,nominal,108180,184.7254,48.0928,completed,
optimized,missing,nominal,108197,181.5540,48.0908,completed,
optimized,known,nominal,108214,144.8409,47.8701,completed,
optimized,shifted,nominal,108231,156.1191,48.0554,completed,
optimized,missing,nominal,108248,133.0784,48.1991,completed,
optimized,known,nominal,108265,131.9424,48.0526,completed,
optimized,shifted,nominal,108282,190.7818,47.8955,completed,
optimized,missing,nominal,108299,170.6999,48.0163,completed,
optimized,known,nominal,108316,151.2312,47.8800,completed,
optimized,shifted,nominal,108333,145.2427,48.1546,completed,
optimized,missing,nominal,108350,138.0803,47.9196,completed,
optimized,known,nominal,108367,169.2108,48.2064,completed,
optimized,shifted,nominal,108384,189.2819,42.9852,violated,instrument-collision
optimized,missing,nominal,108401,152.8786,48.1081,completed,
optimized,known,nominal,108418,149.6833,47.8947,completed,
optimized,shifted,nominal,108435,150.0016,48.0478,completed,
optimized,missing,nominal,108452,161.9068,47.8291,completed,
optimized,known,nominal,108469,141.8960,48.2160,completed,
optimized,shifted,nominal,108486,139.8323,47.5559,completed,
optimized,missing,nominal,108503,166.4519,47.7011,completed,
optimized,known,nominal,108520,131.3287,47.9593,completed,
optimized,shifted,nominal,108537,550.1396,22.2891,violated,instrument-collision
optimized,missing,nominal,108554,185.0259,47.9201,completed,
optimized,known,nominal,108571,128.7165,47.8607,completed,
optimized,shifted,nominal,108588,469.6343,29.1832,violated,instrument-collision
optimized,missing,nominal,108605,153.2252,48.1820,completed,
optimized,known,nominal,108622,120.0917,47.9968,completed,
optimized,shifted,nominal,108639,146.4710,48.1079,completed,
optimized,missing,nominal,108656,153.3048,48.1224,completed,
optimized,known,nominal,108673,147.6648,47.7048,completed,
optimized,shifted,nominal,108690,130.5055,48.2338,completed,
baseline,known,estimate,100003,136.3801,47.5161,completed,
baseline,shifted,estimate,100020,138.7582,47.8866,completed,
baseline,missing,estimate,100037,136.1033,48.3596,completed,
baseline,known,estimate,100054,133.5140,48.0598,completed,
baseline,shifted,estimate,100071,138.6915,48.5932,completed,
baseline,missing,estimate,100088,139.2517,48.7971,completed,
baseline,known,estimate,100105,108.8475,47.4015,completed,
baseline,shifted,estimate,100122,595.7503,17.9168,violated,instrument-collision
baseline,missing,estimate,100139,129.2184,51.8229,completed,
baseline,known,estimate,100156,140.8044,48.4962,completed,
baseline,shifted,estimate,100173,139.7042,47.1729,completed,
baseline,missing,estimate,100190,129.4072,48.2533,completed,
baseline,known,estimate,100207,140.1665,48.7945,completed,
baseline,shifted,estimate,100224,132.9175,48.7975,completed,
baseline,missing,estimate,100241,143.2251,48.7656,completed,
baseline,known,estimate,100258,138.5977,48.7937,completed,
baseline,shifted,estimate,100275,136.7595,48.7986,completed,
baseline,missing,estimate,100292,157.2218,49.1460,violated,pellet-envelope
baseline,known,estimate,100309,129.7924,48.4293,completed,
baseline,shifted,estimate,100326,121.0764,48.7946,completed,
baseline,missing,estimate,100343,140.8625,48.6832,completed,
baseline,known,estimate,100360,125.0793,48.1228,completed,
baseline,shifted,estimate,100377,122.8193,47.6719,completed,
baseline,missing,estimate,100394,130.3204,48.5295,completed,
baseline,known,estimate,100411,126.7306,48.0318,completed,
baseline,shifted,estimate,100428,130.6354,48.7997,completed,
baseline,missing,estimate,100445,141.2637,50.8714,completed,
baseline,known,estimate,100462,117.6429,48.7963,completed,
baseline,shifted,estimate,100479,125.4242,48.7198,completed,
baseline,missing,estimate,100496,140.8688,50.9560,completed,
baseline,known,estimate,100513,135.7973,48.7983,completed,
baseline,shifted,estimate,100530,141.9718,47.6559,completed,
baseline,missing,estimate,100547,148.9116,47.9882,completed,
baseline,known,estimate,100564,127.6114,48.7919,completed,
baseline,shifted,estimate,100581,134.5427,47.9917,completed,
baseline,missing,estimate,100598,184.1167,49.1316,violated,pellet-envelope
baseline,known,estimate,100615,147.8574,48.2965,completed,
baseline,shifted,estimate,100632,119.1303,48.1731,completed,
baseline,missing,estimate,100649,116.7827,47.8540,completed,
baseline,known,estimate,100666,144.8223,48.7884,completed,
baseline,shifted,estimate,100683,119.4088,47.6277,completed,
baseline,missing,estimate,100700,160.7068,49.1522,violated,pellet-envelope
baseline,known,estimate,100717,143.4458,48.7892,completed,
baseline,shifted,estimate,100734,133.6587,48.0765,completed,
baseline,missing,estimate,100751,126.3653,48.1346,completed,
baseline,known,estimate,100768,147.9020,48.7900,completed,
baseline,shifted,estimate,100785,140.5005,48.3988,completed,
baseline,missing,estimate,100802,143.6446,48.7992,completed,
baseline,known,estimate,100819,138.2057,47.7344,completed,
baseline,shifted,estimate,100836,148.8876,48.7976,completed,
baseline,missing,estimate,100853,121.3485,47.6138,completed,
baseline,known,estimate,100870,137.1537,48.5702,completed,
baseline,shifted,estimate,100887,144.6143,48.6371,completed,
baseline,missing,estimate,100904,137.3832,48.6967,completed,
baseline,known,estimate,100921,124.7516,47.7842,completed,
baseline,shifted,estimate,100938,144.2557,50.6605,completed,
baseline,missing,estimate,100955,133.2353,48.7338,completed,
baseline,known,estimate,100972,150.6439,51.6056,completed,
baseline,shifted,estimate,100989,133.4344,47.6467,completed,
baseline,missing,estimate,101006,154.3339,48.7982,completed,
baseline,known,estimate,101023,137.4236,50.9827,completed,
baseline,shifted,estimate,101040,153.0678,48.1490,completed,
baseline,missing,estimate,101057,134.0748,47.8568,completed,
baseline,known,estimate,101074,129.4023,47.5639,completed,
baseline,shifted,estimate,101091,133.6498,51.5126,completed,
baseline,missing,estimate,101108,126.8608,48.0687,completed,
baseline,known,estimate,101125,132.9973,48.7682,completed,
baseline,shifted,estimate,101142,124.7253,48.2243,completed,
baseline,missing,estimate,101159,137.3444,48.5784,completed,
baseline,known,estimate,101176,147.9228,48.7897,completed,
baseline,shifted,estimate,101193,867.4713,2.2789,violated,instrument-collision
baseline,missing,estimate,101210,141.1724,50.9823,completed,
baseline,known,estimate,101227,134.6177,48.3014,completed,
baseline,shifted,estimate,101244,142.7122,48.7982,completed,
baseline,missing,estimate,101261,116.8754,48.1549,completed,
baseline,known,estimate,101278,130.2719,48.7058,completed,
baseline,shifted,estimate,101295,135.0718,47.4795,completed,
baseline,missing,estimate,101312,135.6179,48.4030,completed,
baseline,known,estimate,101329,139.5105,48.4507,completed,
baseline,shifted,estimate,101346,760.5686,10.0611,violated,instrument-collision
baseline,missing,estimate,101363,135.0773,47.9376,completed,
baseline,known,estimate,101380,131.6059,47.3688,completed,
baseline,shifted,estimate,101397,239.2423,41.3390,violated,instrument-collision
baseline,missing,estimate,101414,136.6493,47.3385,completed,
baseline,known,estimate,101431,131.0825,46.7169,completed,
baseline,shifted,estimate,101448,151.8322,48.7893,completed,
baseline,missing,estimate,101465,149.6759,48.8072,completed,
baseline,known,estimate,101482,140.5469,48.4883,completed,
baseline,shifted,estimate,101499,126.1497,47.7939,completed,
baseline,missing,estimate,101516,152.9862,48.7989,completed,
baseline,known,estimate,101533,119.0242,47.6584,completed,
baseline,shifted,estimate,101550,121.9470,50.8480,completed,
baseline,missing,estimate,101567,133.9444,48.3835,completed,
baseline,known,estimate,101584,136.2717,48.5636,completed,
baseline,shifted,estimate,101601,128.9005,48.1557,completed,
baseline,missing,estimate,101618,129.5756,47.8890,completed,
baseline,known,estimate,101635,118.8385,47.9364,completed,
baseline,shifted,estimate,101652,132.7543,48.0772,completed,
baseline,missing,estimate,101669,131.1323,48.2492,completed,
baseline,known,estimate,101686,125.2301,48.4676,completed,
baseline,shifted,estimate,101703,126.2416,48.7667,completed,
baseline,missing,estimate,101720,132.2772,48.7996,completed,
baseline,known,estimate,101737,151.5585,48.7954,completed,
baseline,shifted,estimate,101754,116.1965,48.3774,completed,
baseline,missing,estimate,101771,116.8598,48.8068,completed,
baseline,known,estimate,101788,133.3591,50.9089,completed,
baseline,shifted,estimate,101805,135.3275,47.6355,completed,
baseline,missing,estimate,101822,133.1529,47.3647,completed,
baseline,known,estimate,101839,117.2031,48.1564,completed,
baseline,shifted,estimate,101856,866.9355,2.2816,violated,instrument-collision
baseline,missing,estimate,101873,130.1150,48.3641,completed,
baseline,known,estimate,101890,133.6350,48.7673,completed,
baseline,shifted,estimate,101907,138.2790,48.4984,completed,
baseline,missing,estimate,101924,125.7083,48.0824,completed,
baseline,known,estimate,101941,131.2233,48.2373,completed,
baseline,shifted,estimate,101958,144.0332,49.1456,violated,pellet-envelope
baseline,missing,estimate,101975,128.4362,47.9451,completed,
baseline,known,estimate,101992,125.7312,48.3853,completed,
baseline,shifted,estimate,102009,156.3430,48.7899,completed,
baseline,missing,estimate,102026,122.6557,51.0163,completed,
baseline,known,estimate,102043,124.3537,48.5855,completed,
baseline,shifted,estimate,102060,724.2329,10.1014,violated,instrument-collision
baseline,missing,estimate,102077,140.8665,48.3773,completed,
baseline,known,estimate,102094,125.3878,51.1731,completed,
baseline,shifted,estimate,102111,115.2417,48.1307,completed,
baseline,missing,estimate,102128,145.5910,48.6883,completed,
baseline,known,estimate,102145,144.2800,51.0744,completed,
baseline,shifted,estimate,102162,127.6153,48.1766,completed,
baseline,missing,estimate,102179,129.5677,48.7977,completed,
baseline,known,estimate,102196,111.6857,47.3781,completed,
baseline,shifted,estimate,102213,138.8913,48.3294,completed,
baseline,missing,estimate,102230,141.5536,48.7895,completed,
baseline,known,estimate,102247,162.5080,48.2470,completed,
baseline,shifted,estimate,102264,126.9669,48.7974,completed,
baseline,missing,estimate,102281,150.3646,48.2052,completed,
baseline,known,estimate,102298,112.6206,48.4713,completed,
baseline,shifted,estimate,102315,125.2044,48.7580,completed,
baseline,missing,estimate,102332,141.9809,48.1269,completed,
baseline,known,estimate,102349,122.5178,48.7818,completed,
baseline,shifted,estimate,102366,133.5361,48.1264,completed,
baseline,missing,estimate,102383,132.8619,48.7965,completed,
baseline,known,estimate,102400,149.0870,48.4285,completed,
baseline,shifted,estimate,102417,131.1372,48.6329,completed,
baseline,missing,estimate,102434,112.9307,47.1249,completed,
baseline,known,estimate,102451,140.7704,47.5481,completed,
baseline,shifted,estimate,102468,146.9321,50.9571,completed,
baseline,missing,estimate,102485,133.1581,47.6003,completed,
baseline,known,estimate,102502,135.4075,48.7932,completed,
baseline,shifted,estimate,102519,144.8053,48.5862,completed,
baseline,missing,estimate,102536,133.9311,47.7141,completed,
baseline,known,estimate,102553,123.0509,48.7878,completed,
baseline,shifted,estimate,102570,141.7732,48.7955,completed,
baseline,missing,estimate,102587,134.3154,48.6852,completed,
baseline,known,estimate,102604,140.4704,48.7873,completed,
baseline,shifted,estimate,102621,152.5619,51.1509,completed,
baseline,missing,estimate,102638,126.2465,47.5569,completed,
baseline,known,estimate,102655,155.3791,48.7869,completed,
baseline,shifted,estimate,102672,123.4631,47.2680,completed,
baseline,missing,estimate,102689,131.1365,48.4550,completed,
baseline,known,estimate,102706,151.0206,48.7967,completed,
baseline,shifted,estimate,102723,128.7988,48.7946,completed,
baseline,missing,estimate,102740,132.9201,48.4014,completed,
baseline,known,estimate,102757,132.3065,48.7280,completed,
baseline,shifted,estimate,102774,145.1544,49.1522,violated,pellet-envelope
baseline,missing,estimate,102791,134.2959,47.9964,completed,
baseline,known,estimate,102808,125.0229,48.3420,completed,
baseline,shifted,estimate,102825,250.0285,41.3278,violated,instrument-collision
baseline,missing,estimate,102842,139.9948,50.8686,completed,
baseline,known,estimate,102859,128.2126,50.7218,completed,
baseline,shifted,estimate,102876,135.4381,48.3574,completed,
baseline,missing,estimate,102893,130.5910,48.0763,completed,
baseline,known,estimate,102910,135.2659,48.4299,completed,
baseline,shifted,estimate,102927,136.1165,48.7978,completed,
baseline,missing,estimate,102944,128.6009,48.4060,completed,
baseline,known,estimate,102961,136.8519,48.7918,completed,
baseline,shifted,estimate,102978,135.5482,48.7068,completed,
baseline,missing,estimate,102995,149.6103,48.7917,completed,
baseline,known,estimate,103012,138.5929,47.8807,completed,
baseline,shifted,estimate,103029,128.4587,47.9337,completed,
baseline,missing,estimate,103046,142.6832,48.7937,completed,
baseline,known,estimate,103063,127.1297,48.6186,completed,
baseline,shifted,estimate,103080,710.4911,10.1139,violated,instrument-collision
baseline,missing,estimate,103097,135.5225,47.8474,completed,
baseline,known,estimate,103114,139.4677,50.8124,completed,
baseline,shifted,estimate,103131,125.1087,48.7947,completed,
baseline,missing,estimate,103148,126.9132,48.3920,completed,
baseline,known,estimate,103165,130.8562,48.7947,completed,
baseline,shifted,estimate,103182,140.2957,48.6158,completed,
baseline,missing,estimate,103199,126.5770,50.7974,completed,
baseline,known,estimate,103216,133.9700,48.6849,completed,
baseline,shifted,estimate,103233,160.3100,48.7909,completed,
baseline,missing,estimate,103250,127.6756,48.3806,completed,
baseline,known,estimate,103267,139.5080,50.8026,completed,
baseline,shifted,estimate,103284,116.1979,48.3564,completed,
baseline,missing,estimate,103301,138.9172,47.9458,completed,
baseline,known,estimate,103318,153.6126,47.7722,completed,
baseline,shifted,estimate,103335,122.0486,48.7898,completed,
baseline,missing,estimate,103352,126.2133,48.6577,completed,
baseline,known,estimate,103369,124.6647,48.7937,completed,
baseline,shifted,estimate,103386,124.8351,47.1917,completed,
baseline,missing,estimate,103403,136.6619,48.4863,completed,
baseline,known,estimate,103420,134.1774,47.5017,completed,
baseline,shifted,estimate,103437,129.7948,47.9474,completed,
baseline,missing,estimate,103454,138.3794,48.4119,completed,
baseline,known,estimate,103471,122.2875,50.9801,completed,
baseline,shifted,estimate,103488,133.9156,48.4740,completed,
baseline,missing,estimate,103505,143.8217,47.8087,completed,
baseline,known,estimate,103522,151.2069,48.7967,completed,
baseline,shifted,estimate,103539,121.1458,47.0881,completed,
baseline,missing,estimate,103556,144.4619,47.6560,completed,
baseline,known,estimate,103573,167.6849,50.7988,completed,
baseline,shifted,estimate,103590,114.7405,50.9969,completed,
baseline,missing,estimate,103607,127.1883,47.5237,completed,
baseline,known,estimate,103624,112.9196,48.4981,completed,
baseline,shifted,estimate,103641,118.1417,47.5834,completed,
baseline,missing,estimate,103658,144.9635,51.8696,completed,
baseline,known,estimate,103675,148.3846,48.7923,completed,
baseline,shifted,estimate,103692,136.1606,48.2725,completed,
baseline,missing,estimate,103709,130.7685,47.9588,completed,
baseline,known,estimate,103726,123.2230,48.7176,completed,
baseline,shifted,estimate,103743,133.6885,48.6857,completed,
baseline,missing,estimate,103760,143.9133,48.0071,completed,
baseline,known,estimate,103777,118.0062,47.8925,completed,
baseline,shifted,estimate,103794,133.6239,47.6026,completed,
baseline,missing,estimate,103811,150.1483,51.7833,completed,
baseline,known,estimate,103828,128.9421,48.3506,completed,
baseline,shifted,estimate,103845,616.0658,17.9125,violated,instrument-collision
baseline,missing,estimate,103862,136.9144,47.9167,completed,
baseline,known,estimate,103879,154.5900,48.7947,completed,
baseline,shifted,estimate,103896,111.4400,48.0487,completed,
baseline,missing,estimate,103913,132.5525,51.5908,completed,
baseline,known,estimate,103930,152.5984,48.0367,completed,
baseline,shifted,estimate,103947,331.5564,33.5402,violated,instrument-collision
baseline,missing,estimate,103964,143.2696,47.9866,completed,
baseline,known,estimate,103981,138.6919,48.5913,completed,
baseline,shifted,estimate,103998,133.9855,48.7769,completed,
baseline,missing,estimate,104015,135.8500,48.7939,completed,
baseline,known,estimate,104032,156.5074,51.0074,completed,
baseline,shifted,estimate,104049,124.0183,48.0023,completed,
baseline,missing,estimate,104066,140.9943,50.7901,completed,
baseline,known,estimate,104083,130.1762,48.0472,completed,
baseline,shifted,estimate,104100,141.0960,48.2603,completed,
baseline,missing,estimate,104117,142.9655,51.1321,completed,
baseline,known,estimate,104134,126.5076,51.9592,completed,
baseline,shifted,estimate,104151,128.3661,47.4359,completed,
baseline,missing,estimate,104168,145.2420,49.1482,violated,pellet-envelope
baseline,known,estimate,104185,129.6438,50.7029,completed,
baseline,shifted,estimate,104202,132.2016,47.6884,completed,
baseline,missing,estimate,104219,143.5061,48.2364,completed,
baseline,known,estimate,104236,146.6450,48.2179,completed,
baseline,shifted,estimate,104253,135.5520,47.6242,completed,
baseline,missing,estimate,104270,127.9927,46.9593,completed,
baseline,known,estimate,104287,131.7848,48.5345,completed,
baseline,shifted,estimate,104304,151.8649,48.7880,completed,
baseline,missing,estimate,104321,136.5343,48.7964,completed,
baseline,known,estimate,104338,130.3754,48.2712,completed,
baseline,shifted,estimate,104355,145.1123,48.7935,completed,
baseline,missing,estimate,104372,121.2501,47.8330,completed,
baseline,known,estimate,104389,143.7454,48.7929,completed,
baseline,shifted,estimate,104406,118.4847,48.7973,completed,
baseline,missing,estimate,104423,139.0683,51.2697,completed,
baseline,known,estimate,104440,139.1496,47.8917,completed,
baseline,shifted,estimate,104457,113.6744,47.5477,completed,
baseline,missing,estimate,104474,128.8368,48.3466,completed,
baseline,known,estimate,104491,123.5002,48.3143,completed,
baseline,shifted,estimate,104508,144.6935,48.1247,completed,
baseline,missing,estimate,104525,138.3794,48.3118,completed,
baseline,known,estimate,104542,124.6096,47.7963,completed,
baseline,shifted,estimate,104559,848.6731,2.2882,violated,instrument-collision
baseline,missing,estimate,104576,155.5292,48.7933,completed,
baseline,known,estimate,104593,129.5543,48.7943,completed,
baseline,shifted,estimate,104610,126.2826,48.5640,completed,
baseline,missing,estimate,104627,140.7052,48.1149,completed,
baseline,known,estimate,104644,127.3977,48.3594,completed,
baseline,shifted,estimate,104661,146.3353,47.3669,completed,
baseline,missing,estimate,104678,128.8148,48.3964,completed,
baseline,known,estimate,104695,128.8848,48.3712,completed,
baseline,shifted,estimate,104712,164.0001,49.1438,violated,pellet-envelope
baseline,missing,estimate,104729,128.7196,48.1480,completed,
baseline,known,estimate,104746,137.2688,48.2390,completed,
baseline,shifted,estimate,104763,134.2220,48.6918,completed,
baseline,missing,estimate,104780,141.6431,48.1230,completed,
baseline,known,estimate,104797,129.9084,48.7368,completed,
baseline,shifted,estimate,104814,132.5694,47.8559,completed,
baseline,missing,estimate,104831,130.5057,48.3124,completed,
baseline,known,estimate,104848,135.3575,48.7968,completed,
baseline,shifted,estimate,104865,133.7423,48.5592,completed,
baseline,missing,estimate,104882,137.8340,48.8028,completed,
baseline,known,estimate,104899,146.8965,48.4130,completed,
baseline,shifted,estimate,104916,142.7229,48.5758,completed,
baseline,missing,estimate,104933,145.4158,48.0029,completed,
baseline,known,estimate,104950,140.3192,48.7954,completed,
baseline,shifted,estimate,104967,115.0477,48.6996,completed,
baseline,missing,estimate,104984,121.4413,47.8865,completed,
baseline,known,estimate,105001,142.6751,47.8781,completed,
baseline,shifted,estimate,105018,150.4863,47.9475,completed,
baseline,missing,estimate,105035,138.3502,48.6071,completed,
baseline,known,estimate,105052,142.3374,50.6445,completed,
baseline,shifted,estimate,105069,129.1361,47.8715,completed,
baseline,missing,estimate,105086,127.4382,47.2341,completed,
baseline,known,estimate,105103,125.2094,48.3804,completed,
baseline,shifted,estimate,105120,161.0948,48.7891,completed,
baseline,missing,estimate,105137,143.0141,48.4274,completed,
baseline,known,estimate,105154,140.1892,48.2700,completed,
baseline,shifted,estimate,105171,855.1962,2.2832,violated,instrument-collision
baseline,missing,estimate,105188,126.3664,48.4435,completed,
baseline,known,estimate,105205,139.0311,47.9675,completed,
baseline,shifted,estimate,105222,126.0063,48.7926,completed,
baseline,missing,estimate,105239,129.7757,48.3177,completed,
baseline,known,estimate,105256,139.3149,48.0366,completed,
baseline,shifted,estimate,105273,117.9740,48.8010,completed,
baseline,missing,estimate,105290,127.5575,47.6804,completed,
baseline,known,estimate,105307,142.5323,48.1142,completed,
baseline,shifted,estimate,105324,146.5654,47.9054,completed,
baseline,missing,estimate,105341,125.9743,48.8024,completed,
baseline,known,estimate,105358,127.5089,48.1132,completed,
baseline,shifted,estimate,105375,117.0186,47.8490,completed,
baseline,missing,estimate,105392,130.2770,48.7922,completed,
baseline,known,estimate,105409,122.0949,48.5862,completed,
baseline,shifted,estimate,105426,145.5280,48.2583,completed,
baseline,missing,estimate,105443,125.8611,47.7972,completed,
baseline,known,estimate,105460,144.2015,47.8731,completed,
baseline,shifted,estimate,105477,134.3429,48.5511,completed,
baseline,missing,estimate,105494,152.7930,48.7916,completed,
baseline,known,estimate,105511,132.9903,46.9495,completed,
baseline,shifted,estimate,105528,133.2474,51.2043,completed,
baseline,missing,estimate,105545,128.0437,48.7975,completed,
baseline,known,estimate,105562,129.2851,48.3861,completed,
baseline,shifted,estimate,105579,131.6179,47.6992,completed,
baseline,missing,estimate,105596,129.3581,47.8403,completed,
baseline,known,estimate,105613,147.5516,50.8775,completed,
baseline,shifted,estimate,105630,145.9638,48.7943,completed,
baseline,missing,estimate,105647,134.5761,47.5471,completed,
baseline,known,estimate,105664,141.5132,48.5684,completed,
baseline,shifted,estimate,105681,260.1024,41.3336,violated,instrument-collision
baseline,missing,estimate,105698,121.6155,47.5939,completed,
baseline,known,estimate,105715,150.5965,48.7952,completed,
baseline,shifted,estimate,105732,142.0486,48.3115,completed,
baseline,missing,estimate,105749,143.7096,51.2062,completed,
baseline,known,estimate,105766,131.1480,48.7962,completed,
baseline,shifted,estimate,105783,136.7095,48.6190,completed,
baseline,missing,estimate,105800,170.6766,49.1402,violated,pellet-envelope
baseline,known,estimate,105817,156.6845,48.7876,completed,
baseline,shifted,estimate,105834,110.3498,51.3795,completed,
baseline,missing,estimate,105851,126.2339,47.5424,completed,
baseline,known,estimate,105868,161.0097,48.7928,completed,
baseline,shifted,estimate,105885,144.3968,48.7917,completed,
baseline,missing,estimate,105902,143.6540,48.6890,completed,
baseline,known,estimate,105919,130.6303,48.7584,completed,
baseline,shifted,estimate,105936,135.6463,47.7732,completed,
baseline,missing,estimate,105953,125.6691,50.9107,completed,
baseline,known,estimate,105970,134.7293,47.9488,completed,
baseline,shifted,estimate,105987,145.0164,48.8001,completed,
baseline,missing,estimate,106004,144.2738,51.2385,completed,
baseline,known,estimate,106021,131.5435,47.9695,completed,
baseline,shifted,estimate,106038,122.4245,48.7932,completed,
baseline,missing,estimate,106055,112.8160,48.1758,completed,
baseline,known,estimate,106072,144.4009,48.7944,completed,
baseline,shifted,estimate,106089,154.4032,48.3953,completed,
baseline,missing,estimate,106106,143.9075,50.7643,completed,
baseline,known,estimate,106123,140.1559,48.0485,completed,
baseline,shifted,estimate,106140,109.3083,48.1658,completed,
baseline,missing,estimate,106157,139.3930,47.8072,completed,
baseline,known,estimate,106174,146.6131,48.7981,completed,
baseline,shifted,estimate,106191,121.7088,48.7029,completed,
baseline,missing,estimate,106208,135.6757,48.2861,completed,
baseline,known,estimate,106225,114.4510,47.7927,completed,
baseline,shifted,estimate,106242,126.0880,48.7353,completed,
baseline,missing,estimate,106259,123.9360,51.0249,completed,
baseline,known,estimate,106276,154.5706,50.7852,completed,
baseline,shifted,estimate,106293,160.9770,48.4638,completed,
baseline,missing,estimate,106310,141.6671,48.1282,completed,
baseline,known,estimate,106327,131.8465,48.7975,completed,
baseline,shifted,estimate,106344,120.3150,48.7934,completed,
baseline,missing,estimate,106361,116.0010,48.0948,completed,
baseline,known,estimate,106378,135.7140,48.7890,completed,
baseline,shifted,estimate,106395,862.8274,2.2803,violated,instrument-collision
baseline,missing,estimate,106412,145.0140,48.7926,completed,
baseline,known,estimate,106429,133.4026,48.7978,completed,
baseline,shifted,estimate,106446,619.0117,17.9024,violated,instrument-collision
baseline,missing,estimate,106463,122.7894,48.4271,completed,
baseline,known,estimate,106480,157.7940,48.3875,completed,
baseline,shifted,estimate,106497,129.5787,48.2855,completed,
baseline,missing,estimate,106514,141.3271,47.9018,completed,
baseline,known,estimate,106531,140.2754,48.2646,completed,
baseline,shifted,estimate,106548,852.9539,2.2924,violated,instrument-collision
baseline,missing,estimate,106565,148.0426,48.8066,completed,
baseline,known,estimate,106582,135.7862,48.5028,completed,
baseline,shifted,estimate,106599,118.5647,48.4151,completed,
baseline,missing,estimate,106616,143.5345,47.5551,completed,
baseline,known,estimate,106633,151.2446,48.7870,completed,
baseline,shifted,estimate,106650,142.5911,48.7944,completed,
baseline,missing,estimate,106667,148.7117,48.7917,completed,
baseline,known,estimate,106684,126.8430,48.7785,completed,
baseline,shifted,estimate,106701,143.0506,47.7970,completed,
baseline,missing,estimate,106718,131.7057,48.3096,completed,
baseline,known,estimate,106735,143.1282,48.7974,completed,
baseline,shifted,estimate,106752,141.4955,48.7912,completed,
baseline,missing,estimate,106769,123.0280,48.4116,completed,
baseline,known,estimate,106786,136.4458,47.8365,completed,
baseline,shifted,estimate,106803,124.0273,51.7494,completed,
baseline,missing,estimate,106820,120.9703,47.1360,completed,
baseline,known,estimate,106837,145.3574,48.7962,completed,
baseline,shifted,estimate,106854,116.9754,48.7973,completed,
baseline,missing,estimate,106871,140.7845,48.4988,completed,
baseline,known,estimate,106888,120.2467,48.3967,completed,
baseline,shifted,estimate,106905,139.7194,47.6943,completed,
baseline,missing,estimate,106922,117.5461,47.8566,completed,
baseline,known,estimate,106939,137.3056,48.2428,completed,
baseline,shifted,estimate,106956,128.7108,47.8573,completed,
baseline,missing,estimate,106973,162.8797,48.7922,completed,
baseline,known,estimate,106990,137.0301,48.7876,completed,
baseline,shifted,estimate,107007,140.0345,48.3155,completed,
baseline,missing,estimate,107024,132.1829,48.1283,completed,
baseline,known,estimate,107041,133.6011,48.0120,completed,
baseline,shifted,estimate,107058,135.5319,47.3006,completed,
baseline,missing,estimate,107075,157.5718,48.0582,completed,
baseline,known,estimate,107092,123.9900,48.0706,completed,
baseline,shifted,estimate,107109,121.8576,48.7898,completed,
baseline,missing,estimate,107126,134.9870,48.3725,completed,
baseline,known,estimate,107143,131.6772,48.7979,completed,
baseline,shifted,estimate,107160,133.0089,48.2321,completed,
baseline,missing,estimate,107177,138.6304,47.5543,completed,
baseline,known,estimate,107194,144.2426,48.7948,completed,
baseline,shifted,estimate,107211,137.1888,48.5913,completed,
baseline,missing,estimate,107228,165.2226,48.8006,completed,
baseline,known,estimate,107245,146.4812,47.3692,completed,
baseline,shifted,estimate,107262,255.7243,41.3470,violated,instrument-collision
baseline,missing,estimate,107279,131.5207,48.7755,completed,
baseline,known,estimate,107296,143.6065,48.3109,completed,
baseline,shifted,estimate,107313,132.9891,47.6554,completed,
baseline,missing,estimate,107330,134.2677,47.2113,completed,
baseline,known,estimate,107347,153.0020,48.7875,completed,
baseline,shifted,estimate,107364,122.9352,48.7973,completed,
baseline,missing,estimate,107381,136.9931,48.8027,completed,
baseline,known,estimate,107398,141.3946,48.7970,completed,
baseline,shifted,estimate,107415,131.8799,48.7994,completed,
baseline,missing,estimate,107432,165.7884,49.1213,violated,pellet-envelope
baseline,known,estimate,107449,118.6827,47.7883,completed,
baseline,shifted,estimate,107466,126.5756,48.3837,completed,
baseline,missing,estimate,107483,141.6632,48.8062,completed,
baseline,known,estimate,107500,134.5968,48.2325,completed,
baseline,shifted,estimate,107517,134.6502,48.7957,completed,
baseline,missing,estimate,107534,131.5914,48.7915,completed,
baseline,known,estimate,107551,144.9032,47.7012,completed,
baseline,shifted,estimate,107568,150.4374,48.1521,completed,
baseline,missing,estimate,107585,153.0011,47.3288,completed,
baseline,known,estimate,107602,125.7678,48.0921,completed,
baseline,shifted,estimate,107619,153.1138,48.7895,completed,
baseline,missing,estimate,107636,119.5689,48.3667,completed,
baseline,known,estimate,107653,150.9391,48.7955,completed,
baseline,shifted,estimate,107670,123.0607,48.6362,completed,
baseline,missing,estimate,107687,134.3526,48.2334,completed,
baseline,known,estimate,107704,135.7929,47.5061,completed,
baseline,shifted,estimate,107721,137.1802,48.5063,completed,
baseline,missing,estimate,107738,133.7928,48.5284,completed,
baseline,known,estimate,107755,143.6639,48.7927,completed,
baseline,shifted,estimate,107772,131.9271,47.3712,completed,
baseline,missing,estimate,107789,177.2093,49.1379,violated,pellet-envelope
baseline,known,estimate,107806,129.6351,47.6311,completed,
baseline,shifted,estimate,107823,125.9284,48.7962,completed,
baseline,missing,estimate,107840,141.1766,48.5686,completed,
baseline,known,estimate,107857,134.7949,48.4856,completed,
baseline,shifted,estimate,107874,127.4369,48.5731,completed,
baseline,missing,estimate,107891,128.5317,48.4001,completed,
baseline,known,estimate,107908,124.8049,47.6912,completed,
baseline,shifted,estimate,107925,137.9336,47.4297,completed,
baseline,missing,estimate,107942,136.8232,47.9937,completed,
baseline,known,estimate,107959,121.3764,48.0381,completed,
baseline,shifted,estimate,107976,135.2704,48.6473,completed,
baseline,missing,estimate,107993,105.1276,47.2028,completed,
baseline,known,estimate,108010,152.6511,48.7882,completed,
baseline,shifted,estimate,108027,113.8886,48.3853,completed,
baseline,missing,estimate,108044,143.9258,51.3079,completed,
baseline,known,estimate,108061,148.8214,48.7941,completed,
baseline,shifted,estimate,108078,707.6153,10.1203,violated,instrument-collision
baseline,missing,estimate,108095,130.5968,48.4316,completed,
baseline,known,estimate,108112,130.3911,47.9983,completed,
baseline,shifted,estimate,108129,143.8831,48.7956,completed,
baseline,missing,estimate,108146,138.5440,50.6195,completed,
baseline,known,estimate,108163,122.8396,48.3189,completed,
baseline,shifted,estimate,108180,166.6594,48.7923,completed,
baseline,missing,estimate,108197,164.1959,48.7993,completed,
baseline,known,estimate,108214,131.2212,48.4050,completed,
baseline,shifted,estimate,108231,141.7985,48.5764,completed,
baseline,missing,estimate,108248,123.6319,48.4770,completed,
baseline,known,estimate,108265,127.0457,47.9867,completed,
baseline,shifted,estimate,108282,171.3540,48.7893,completed,
baseline,missing,estimate,108299,152.3614,48.7923,completed,
baseline,known,estimate,108316,129.2070,48.7957,completed,
baseline,shifted,estimate,108333,135.9165,48.2952,completed,
baseline,missing,estimate,108350,131.3435,48.0271,completed,
baseline,known,estimate,108367,139.4629,50.7498,completed,
baseline,shifted,estimate,108384,452.5412,25.7408,violated,instrument-collision
baseline,missing,estimate,108401,142.1901,48.5015,completed,
baseline,known,estimate,108418,139.0273,48.1364,completed,
baseline,shifted,estimate,108435,128.3421,48.7906,completed,
baseline,missing,estimate,108452,138.2394,48.8029,completed,
baseline,known,estimate,108469,126.2996,48.7941,completed,
baseline,shifted,estimate,108486,150.2680,46.5712,completed,
baseline,missing,estimate,108503,140.8295,48.8015,completed,
baseline,known,estimate,108520,138.0409,47.5130,completed,
baseline,shifted,estimate,108537,624.2766,17.9154,violated,instrument-collision
baseline,missing,estimate,108554,147.8648,50.8070,completed,
baseline,known,estimate,108571,121.2866,48.0105,completed,
baseline,shifted,estimate,108588,527.6210,25.6855,violated,instrument-collision
baseline,missing,estimate,108605,136.1686,48.8013,completed,
baseline,known,estimate,108622,116.2755,47.8729,completed,
baseline,shifted,estimate,108639,130.0390,48.7923,completed,
baseline,missing,estimate,108656,135.4458,48.7719,completed,
baseline,known,estimate,108673,129.6084,48.4587,completed,
baseline,shifted,estimate,108690,118.0450,48.6335,completed,
optimized,known,estimate,100003,136.3007,47.5615,completed,
optimized,shifted,estimate,100020,138.2369,47.9321,completed,
optimized,missing,estimate,100037,137.9653,48.4025,completed,
optimized,known,estimate,100054,133.2785,48.1084,completed,
optimized,shifted,estimate,100071,138.1070,48.6370,completed,
optimized,missing,estimate,100088,138.1946,48.9210,completed,
optimized,known,estimate,100105,119.2232,47.4482,completed,
optimized,shifted,estimate,100122,578.3070,18.8901,violated,instrument-collision
optimized,missing,estimate,100139,129.2271,50.7381,completed,
optimized,known,estimate,100156,142.1083,48.5424,completed,
optimized,shifted,estimate,100173,138.2783,47.2199,completed,
optimized,missing,estimate,100190,128.8000,48.2986,completed,
optimized,known,estimate,100207,135.6028,49.0706,completed,
optimized,shifted,estimate,100224,131.5499,48.9406,completed,
optimized,missing,estimate,100241,145.1218,48.8062,completed,
optimized,known,estimate,100258,135.9651,49.0808,completed,
optimized,shifted,estimate,100275,136.1807,48.8973,completed,
optimized,missing,estimate,100292,142.7178,49.6570,completed,
optimized,known,estimate,100309,128.8430,48.4693,completed,
optimized,shifted,estimate,100326,117.1654,49.2696,completed,
optimized,missing,estimate,100343,140.5167,48.7248,completed,
optimized,known,estimate,100360,125.8483,48.1709,completed,
optimized,shifted,estimate,100377,122.2314,47.7181,completed,
optimized,missing,estimate,100394,129.9457,48.5741,completed,
optimized,known,estimate,100411,127.2686,48.0804,completed,
optimized,shifted,estimate,100428,128.1014,48.9418,completed,
optimized,missing,estimate,100445,142.1185,49.7473,completed,
optimized,known,estimate,100462,119.8910,48.9648,completed,
optimized,shifted,estimate,100479,125.7627,48.7639,completed,
optimized,missing,estimate,100496,142.1791,49.8378,completed,
optimized,known,estimate,100513,135.2236,48.8490,completed,
optimized,shifted,estimate,100530,141.6003,47.7021,completed,
optimized,missing,estimate,100547,149.4747,48.0355,completed,
optimized,known,estimate,100564,119.2325,49.2046,completed,
optimized,shifted,estimate,100581,134.6884,48.0377,completed,
optimized,missing,estimate,100598,153.3614,50.5200,completed,
optimized,known,estimate,100615,148.9557,48.3418,completed,
optimized,shifted,estimate,100632,118.3887,48.2184,completed,
optimized,missing,estimate,100649,117.7517,47.8987,completed,
optimized,known,estimate,100666,132.9640,49.4024,completed,
optimized,shifted,estimate,100683,119.9582,47.6762,completed,
optimized,missing,estimate,100700,144.2076,49.7172,completed,
optimized,known,estimate,100717,133.9263,49.3617,completed,
optimized,shifted,estimate,100734,133.5767,48.1222,completed,
optimized,missing,estimate,100751,126.6444,48.1800,completed,
optimized,known,estimate,100768,139.3781,49.3332,completed,
optimized,shifted,estimate,100785,138.9072,48.4435,completed,
optimized,missing,estimate,100802,143.1678,48.8830,completed,
optimized,known,estimate,100819,138.8376,47.7793,completed,
optimized,shifted,estimate,100836,146.8803,48.9498,completed,
optimized,missing,estimate,100853,120.9153,47.6597,completed,
optimized,known,estimate,100870,137.4651,48.6149,completed,
optimized,shifted,estimate,100887,143.9889,48.6785,completed,
optimized,missing,estimate,100904,138.4597,48.7411,completed,
optimized,known,estimate,100921,125.1138,47.8333,completed,
optimized,shifted,estimate,100938,143.6594,49.5364,completed,
optimized,missing,estimate,100955,133.4421,48.7783,completed,
optimized,known,estimate,100972,150.4952,50.4868,completed,
optimized,shifted,estimate,100989,133.7503,47.6924,completed,
optimized,missing,estimate,101006,148.3609,49.1839,completed,
optimized,known,estimate,101023,138.0021,49.8727,completed,
optimized,shifted,estimate,101040,153.0280,48.1947,completed,
optimized,missing,estimate,101057,135.3499,47.8993,completed,
optimized,known,estimate,101074,128.0301,47.6112,completed,
optimized,shifted,estimate,101091,132.4574,50.3992,completed,
optimized,missing,estimate,101108,127.7774,48.1150,completed,
optimized,known,estimate,101125,133.4098,48.8150,completed,
optimized,shifted,estimate,101142,125.6407,48.2707,completed,
optimized,missing,estimate,101159,136.7944,48.6215,completed,
optimized,known,estimate,101176,139.9174,49.3372,completed,
optimized,shifted,estimate,101193,867.4713,2.2614,violated,instrument-collision
optimized,missing,estimate,101210,140.8930,49.8680,completed,
optimized,known,estimate,101227,133.5233,48.3462,completed,
optimized,shifted,estimate,101244,141.3502,48.9659,completed,
optimized,missing,estimate,101261,116.7315,48.2003,completed,
optimized,known,estimate,101278,131.9990,48.7516,completed,
optimized,shifted,estimate,101295,135.2200,47.5277,completed,
optimized,missing,estimate,101312,135.9372,48.4498,completed,
optimized,known,estimate,101329,139.1779,48.4956,completed,
optimized,shifted,estimate,101346,751.9458,10.5390,violated,instrument-collision
optimized,missing,estimate,101363,133.4549,47.9846,completed,
optimized,known,estimate,101380,130.3589,47.4168,completed,
optimized,shifted,estimate,101397,195.7818,43.7998,violated,instrument-collision
optimized,missing,estimate,101414,136.0143,47.3862,completed,
optimized,known,estimate,101431,130.8272,46.7685,completed,
optimized,shifted,estimate,101448,141.4175,49.4124,completed,
optimized,missing,estimate,101465,150.5903,48.8528,completed,
optimized,known,estimate,101482,141.8946,48.5338,completed,
optimized,shifted,estimate,101499,126.0579,47.8398,completed,
optimized,missing,estimate,101516,148.2498,49.1396,completed,
optimized,known,estimate,101533,118.9133,47.7051,completed,
optimized,shifted,estimate,101550,121.6300,49.7289,completed,
optimized,missing,estimate,101567,134.7675,48.4331,completed,
optimized,known,estimate,101584,136.0992,48.6108,completed,
optimized,shifted,estimate,101601,129.3384,48.2017,completed,
optimized,missing,estimate,101618,129.8523,47.9348,completed,
optimized,known,estimate,101635,118.2750,47.9840,completed,
optimized,shifted,estimate,101652,132.1762,48.1214,completed,
optimized,missing,estimate,101669,131.4469,48.2939,completed,
optimized,known,estimate,101686,125.5720,48.5081,completed,
optimized,shifted,estimate,101703,125.0624,48.8139,completed,
optimized,missing,estimate,101720,127.7525,49.1181,completed,
optimized,known,estimate,101737,149.8774,49.0079,completed,
optimized,shifted,estimate,101754,118.3015,48.4229,completed,
optimized,missing,estimate,101771,116.6093,48.8514,completed,
optimized,known,estimate,101788,133.5720,49.7862,completed,
optimized,shifted,estimate,101805,137.5527,47.6801,completed,
optimized,missing,estimate,101822,133.1498,47.4140,completed,
optimized,known,estimate,101839,116.7003,48.2038,completed,
optimized,shifted,estimate,101856,866.9355,2.2641,violated,instrument-collision
optimized,missing,estimate,101873,131.0098,48.4068,completed,
optimized,known,estimate,101890,134.5474,48.8097,completed,
optimized,shifted,estimate,101907,138.7642,48.5430,completed,
optimized,missing,estimate,101924,125.8388,48.1286,completed,
optimized,known,estimate,101941,131.8271,48.2801,completed,
optimized,shifted,estimate,101958,128.0050,49.7092,completed,
optimized,missing,estimate,101975,129.3215,47.9923,completed,
optimized,known,estimate,101992,126.1698,48.4294,completed,
optimized,shifted,estimate,102009,147.1482,49.3251,completed,
optimized,missing,estimate,102026,122.0671,49.9123,completed,
optimized,known,estimate,102043,122.7188,48.6346,completed,
optimized,shifted,estimate,102060,715.4532,10.5793,violated,instrument-collision
optimized,missing,estimate,102077,139.9405,48.4171,completed,
optimized,known,estimate,102094,124.5436,50.0710,completed,
optimized,shifted,estimate,102111,115.9191,48.1743,completed,
optimized,missing,estimate,102128,144.6962,48.7281,completed,
optimized,known,estimate,102145,143.3521,49.9626,completed,
optimized,shifted,estimate,102162,127.3962,48.2223,completed,
optimized,missing,estimate,102179,127.5011,48.9582,completed,
optimized,known,estimate,102196,121.3073,47.4237,completed,
optimized,shifted,estimate,102213,139.4084,48.3748,completed,
optimized,missing,estimate,102230,131.3137,49.3982,completed,
optimized,known,estimate,102247,162.5979,48.2889,completed,
optimized,shifted,estimate,102264,124.0728,48.9167,completed,
optimized,missing,estimate,102281,151.1489,48.2484,completed,
optimized,known,estimate,102298,116.0512,48.5120,completed,
optimized,shifted,estimate,102315,124.7577,48.7996,completed,
optimized,missing,estimate,102332,143.0084,48.1742,completed,
optimized,known,estimate,102349,122.3822,48.8272,completed,
optimized,shifted,estimate,102366,133.8535,48.1690,completed,
optimized,missing,estimate,102383,130.0148,49.0315,completed,
optimized,known,estimate,102400,149.3432,48.4748,completed,
optimized,shifted,estimate,102417,131.3473,48.6773,completed,
optimized,missing,estimate,102434,121.3058,47.1731,completed,
optimized,known,estimate,102451,140.7573,47.5931,completed,
optimized,shifted,estimate,102468,146.9964,49.8444,completed,
optimized,missing,estimate,102485,133.1962,47.6503,completed,
optimized,known,estimate,102502,129.8901,49.1302,completed,
optimized,shifted,estimate,102519,145.6672,48.6314,completed,
optimized,missing,estimate,102536,134.5010,47.7569,completed,
optimized,known,estimate,102553,113.6227,49.4376,completed,
optimized,shifted,estimate,102570,136.3755,49.0884,completed,
optimized,missing,estimate,102587,133.6059,48.7259,completed,
optimized,known,estimate,102604,128.4573,49.4850,completed,
optimized,shifted,estimate,102621,153.1539,50.0271,completed,
optimized,missing,estimate,102638,127.1404,47.6072,completed,
optimized,known,estimate,102655,142.8078,49.4864,completed,
optimized,shifted,estimate,102672,124.6222,47.3182,completed,
optimized,missing,estimate,102689,130.9770,48.5014,completed,
optimized,known,estimate,102706,148.6066,48.9160,completed,
optimized,shifted,estimate,102723,123.5909,49.0717,completed,
optimized,missing,estimate,102740,132.1377,48.4485,completed,
optimized,known,estimate,102757,133.0988,48.7711,completed,
optimized,shifted,estimate,102774,132.5319,49.5104,completed,
optimized,missing,estimate,102791,134.5318,48.0441,completed,
optimized,known,estimate,102808,125.6979,48.3852,completed,
optimized,shifted,estimate,102825,206.2828,43.7875,violated,instrument-collision
optimized,missing,estimate,102842,140.0849,49.7568,completed,
optimized,known,estimate,102859,129.7379,49.5942,completed,
optimized,shifted,estimate,102876,133.0170,48.4028,completed,
optimized,missing,estimate,102893,132.3281,48.1209,completed,
optimized,known,estimate,102910,135.5015,48.4782,completed,
optimized,shifted,estimate,102927,127.9344,49.1381,completed,
optimized,missing,estimate,102944,128.0946,48.4539,completed,
optimized,known,estimate,102961,130.9071,49.2113,completed,
optimized,shifted,estimate,102978,136.1329,48.7519,completed,
optimized,missing,estimate,102995,139.5264,49.3093,completed,
optimized,known,estimate,103012,136.4960,47.9301,completed,
optimized,shifted,estimate,103029,127.8768,47.9791,completed,
optimized,missing,estimate,103046,133.6601,49.3548,completed,
optimized,known,estimate,103063,127.2464,48.6635,completed,
optimized,shifted,estimate,103080,701.7500,10.5917,violated,instrument-collision
optimized,missing,estimate,103097,136.4653,47.8883,completed,
optimized,known,estimate,103114,139.4363,49.6929,completed,
optimized,shifted,estimate,103131,120.6555,49.0696,completed,
optimized,missing,estimate,103148,127.5840,48.4372,completed,
optimized,known,estimate,103165,128.1647,49.0055,completed,
optimized,shifted,estimate,103182,140.1752,48.6592,completed,
optimized,missing,estimate,103199,125.7780,49.6718,completed,
optimized,known,estimate,103216,134.0005,48.7300,completed,
optimized,shifted,estimate,103233,148.7840,49.4239,completed,
optimized,missing,estimate,103250,129.1135,48.4282,completed,
optimized,known,estimate,103267,139.5292,49.6735,completed,
optimized,shifted,estimate,103284,117.4104,48.4001,completed,
optimized,missing,estimate,103301,138.3346,47.9933,completed,
optimized,known,estimate,103318,152.1122,47.8187,completed,
optimized,shifted,estimate,103335,109.1379,49.3508,completed,
optimized,missing,estimate,103352,126.3123,48.7033,completed,
optimized,known,estimate,103369,120.3782,49.1026,completed,
optimized,shifted,estimate,103386,126.1830,47.2395,completed,
optimized,missing,estimate,103403,137.1858,48.5302,completed,
optimized,known,estimate,103420,135.1163,47.5497,completed,
optimized,shifted,estimate,103437,129.3799,47.9947,completed,
optimized,missing,estimate,103454,138.0069,48.4631,completed,
optimized,known,estimate,103471,122.7978,49.8689,completed,
optimized,shifted,estimate,103488,133.3945,48.5187,completed,
optimized,missing,estimate,103505,143.6687,47.8522,completed,
optimized,known,estimate,103522,149.6775,48.9362,completed,
optimized,shifted,estimate,103539,121.6450,47.1374,completed,
optimized,missing,estimate,103556,144.7428,47.7040,completed,
optimized,known,estimate,103573,167.7867,49.6936,completed,
optimized,shifted,estimate,103590,114.0620,49.8996,completed,
optimized,missing,estimate,103607,127.3098,47.5667,completed,
optimized,known,estimate,103624,115.6882,48.5422,completed,
optimized,shifted,estimate,103641,118.5424,47.6298,completed,
optimized,missing,estimate,103658,144.0859,50.7646,completed,
optimized,known,estimate,103675,142.6070,49.1752,completed,
optimized,shifted,estimate,103692,137.2221,48.3198,completed,
optimized,missing,estimate,103709,129.6608,48.0049,completed,
optimized,known,estimate,103726,122.1769,48.7631,completed,
optimized,shifted,estimate,103743,133.7809,48.7267,completed,
optimized,missing,estimate,103760,143.9722,48.0512,completed,
optimized,known,estimate,103777,118.1866,47.9392,completed,
optimized,shifted,estimate,103794,133.9448,47.6492,completed,
optimized,missing,estimate,103811,150.0926,50.6649,completed,
optimized,known,estimate,103828,128.1556,48.3981,completed,
optimized,shifted,estimate,103845,598.5006,18.8858,violated,instrument-collision
optimized,missing,estimate,103862,136.2280,47.9549,completed,
optimized,known,estimate,103879,150.1169,49.0515,completed,
optimized,shifted,estimate,103896,118.9569,48.0936,completed,
optimized,missing,estimate,103913,132.6727,50.4842,completed,
optimized,known,estimate,103930,151.6304,48.0806,completed,
optimized,shifted,estimate,103947,297.8327,35.5044,violated,instrument-collision
optimized,missing,estimate,103964,142.6687,48.0341,completed,
optimized,known,estimate,103981,138.9599,48.6346,completed,
optimized,shifted,estimate,103998,133.5121,48.8195,completed,
optimized,missing,estimate,104015,129.1748,49.2392,completed,
optimized,known,estimate,104032,156.7427,49.8793,completed,
optimized,shifted,estimate,104049,123.0347,48.0490,completed,
optimized,missing,estimate,104066,140.1543,49.6851,completed,
optimized,known,estimate,104083,131.1230,48.0914,completed,
optimized,shifted,estimate,104100,139.8425,48.3044,completed,
optimized,missing,estimate,104117,144.1022,50.0253,completed,
optimized,known,estimate,104134,126.0771,50.8339,completed,
optimized,shifted,estimate,104151,128.8312,47.4812,completed,
optimized,missing,estimate,104168,129.4926,49.7000,completed,
optimized,known,estimate,104185,128.6774,49.5806,completed,
optimized,shifted,estimate,104202,132.3893,47.7335,completed,
optimized,missing,estimate,104219,144.0714,48.2776,completed,
optimized,known,estimate,104236,145.7503,48.2639,completed,
optimized,shifted,estimate,104253,135.6067,47.6735,completed,
optimized,missing,estimate,104270,128.1416,47.0153,completed,
optimized,known,estimate,104287,131.1762,48.5810,completed,
optimized,shifted,estimate,104304,141.1336,49.4760,completed,
optimized,missing,estimate,104321,127.5918,49.2896,completed,
optimized,known,estimate,104338,129.2559,48.3150,completed,
optimized,shifted,estimate,104355,139.1386,49.1405,completed,
optimized,missing,estimate,104372,121.7350,47.8770,completed,
optimized,known,estimate,104389,139.8457,49.1217,completed,
optimized,shifted,estimate,104406,115.1179,48.9995,completed,
optimized,missing,estimate,104423,139.7678,50.1719,completed,
optimized,known,estimate,104440,138.1573,47.9339,completed,
optimized,shifted,estimate,104457,119.8279,47.5951,completed,
optimized,missing,estimate,104474,126.1583,48.3908,completed,
optimized,known,estimate,104491,123.6687,48.3564,completed,
optimized,shifted,estimate,104508,145.0753,48.1707,completed,
optimized,missing,estimate,104525,136.7140,48.3559,completed,
optimized,known,estimate,104542,125.8268,47.8418,completed,
optimized,shifted,estimate,104559,848.6731,2.2707,violated,instrument-collision
optimized,missing,estimate,104576,148.4970,49.2361,completed,
optimized,known,estimate,104593,126.8341,49.0384,completed,
optimized,shifted,estimate,104610,126.5606,48.6093,completed,
optimized,missing,estimate,104627,142.7884,48.1590,completed,
optimized,known,estimate,104644,127.2721,48.4048,completed,
optimized,shifted,estimate,104661,146.9405,47.4140,completed,
optimized,missing,estimate,104678,130.1793,48.4368,completed,
optimized,known,estimate,104695,129.0000,48.4172,completed,
optimized,shifted,estimate,104712,148.2782,49.7148,completed,
optimized,missing,estimate,104729,128.4875,48.1955,completed,
optimized,known,estimate,104746,136.9323,48.2834,completed,
optimized,shifted,estimate,104763,133.6275,48.7380,completed,
optimized,missing,estimate,104780,141.2159,48.1722,completed,
optimized,known,estimate,104797,129.9155,48.7827,completed,
optimized,shifted,estimate,104814,132.5337,47.9004,completed,
optimized,missing,estimate,104831,131.6727,48.3595,completed,
optimized,known,estimate,104848,134.0609,48.9365,completed,
optimized,shifted,estimate,104865,134.0464,48.6047,completed,
optimized,missing,estimate,104882,132.9842,49.1468,completed,
optimized,known,estimate,104899,146.9459,48.4590,completed,
optimized,shifted,estimate,104916,142.6853,48.6204,completed,
optimized,missing,estimate,104933,146.5803,48.0481,completed,
optimized,known,estimate,104950,138.3878,48.9983,completed,
optimized,shifted,estimate,104967,114.5503,48.7423,completed,
optimized,missing,estimate,104984,120.2314,47.9315,completed,
optimized,known,estimate,105001,142.3127,47.9208,completed,
optimized,shifted,estimate,105018,150.5687,47.9937,completed,
optimized,missing,estimate,105035,138.9995,48.6491,completed,
optimized,known,estimate,105052,142.0863,49.5293,completed,
optimized,shifted,estimate,105069,129.6290,47.9184,completed,
optimized,missing,estimate,105086,128.9073,47.2844,completed,
optimized,known,estimate,105103,124.9355,48.4244,completed,
optimized,shifted,estimate,105120,150.1384,49.4124,completed,
optimized,missing,estimate,105137,144.0479,48.4767,completed,
optimized,known,estimate,105154,139.8854,48.3140,completed,
optimized,shifted,estimate,105171,723.4320,10.5716,violated,instrument-collision
optimized,missing,estimate,105188,125.1115,48.4871,completed,
optimized,known,estimate,105205,139.4813,48.0125,completed,
optimized,shifted,estimate,105222,121.0853,49.1701,completed,
optimized,missing,estimate,105239,129.2690,48.3628,completed,
optimized,known,estimate,105256,139.1848,48.0779,completed,
optimized,shifted,estimate,105273,116.9375,49.0023,completed,
optimized,missing,estimate,105290,127.4756,47.7296,completed,
optimized,known,estimate,105307,142.3344,48.1632,completed,
optimized,shifted,estimate,105324,146.8185,47.9528,completed,
optimized,missing,estimate,105341,124.7586,48.8944,completed,
optimized,known,estimate,105358,128.0506,48.1612,completed,
optimized,shifted,estimate,105375,119.3249,47.8970,completed,
optimized,missing,estimate,105392,121.5905,49.3347,completed,
optimized,known,estimate,105409,123.0274,48.6318,completed,
optimized,shifted,estimate,105426,145.0131,48.3061,completed,
optimized,missing,estimate,105443,125.7837,47.8426,completed,
optimized,known,estimate,105460,144.0321,47.9203,completed,
optimized,shifted,estimate,105477,134.6438,48.5968,completed,
optimized,missing,estimate,105494,143.3747,49.3757,completed,
optimized,known,estimate,105511,133.4434,46.9988,completed,
optimized,shifted,estimate,105528,132.6218,50.0805,completed,
optimized,missing,estimate,105545,127.0248,48.8847,completed,
optimized,known,estimate,105562,130.5350,48.4282,completed,
optimized,shifted,estimate,105579,132.2411,47.7451,completed,
optimized,missing,estimate,105596,129.6094,47.8865,completed,
optimized,known,estimate,105613,147.2275,49.7724,completed,
optimized,shifted,estimate,105630,141.8488,49.1090,completed,
optimized,missing,estimate,105647,133.8114,47.5958,completed,
optimized,known,estimate,105664,142.7653,48.6163,completed,
optimized,shifted,estimate,105681,217.1132,43.7937,violated,instrument-collision
optimized,missing,estimate,105698,120.5711,47.6374,completed,
optimized,known,estimate,105715,146.7668,49.0298,completed,
optimized,shifted,estimate,105732,141.8325,48.3547,completed,
optimized,missing,estimate,105749,143.4529,50.0802,completed,
optimized,known,estimate,105766,129.4123,48.9689,completed,
optimized,shifted,estimate,105783,137.0227,48.6653,completed,
optimized,missing,estimate,105800,149.5480,49.9831,completed,
optimized,known,estimate,105817,146.4013,49.4310,completed,
optimized,shifted,estimate,105834,116.9049,50.2772,completed,
optimized,missing,estimate,105851,127.9129,47.5848,completed,
optimized,known,estimate,105868,154.7573,49.1532,completed,
optimized,shifted,estimate,105885,135.6226,49.2760,completed,
optimized,missing,estimate,105902,143.4805,48.7324,completed,
optimized,known,estimate,105919,130.2657,48.7987,completed,
optimized,shifted,estimate,105936,135.7988,47.8172,completed,
optimized,missing,estimate,105953,126.8322,49.7819,completed,
optimized,known,estimate,105970,134.3844,47.9959,completed,
optimized,shifted,estimate,105987,146.2093,48.8998,completed,
optimized,missing,estimate,106004,144.4092,50.1440,completed,
optimized,known,estimate,106021,131.9208,48.0153,completed,
optimized,shifted,estimate,106038,116.3902,49.1702,completed,
optimized,missing,estimate,106055,116.4705,48.2213,completed,
optimized,known,estimate,106072,139.2861,49.0929,completed,
optimized,shifted,estimate,106089,154.7807,48.4393,completed,
optimized,missing,estimate,106106,144.6004,49.6257,completed,
optimized,known,estimate,106123,140.0877,48.0943,completed,
optimized,shifted,estimate,106140,113.0077,48.2125,completed,
optimized,missing,estimate,106157,140.0497,47.8533,completed,
optimized,known,estimate,106174,145.8858,48.8628,completed,
optimized,shifted,estimate,106191,120.8729,48.7455,completed,
optimized,missing,estimate,106208,134.9583,48.3319,completed,
optimized,known,estimate,106225,116.6883,47.8375,completed,
optimized,shifted,estimate,106242,126.9996,48.7748,completed,
optimized,missing,estimate,106259,122.5816,49.9190,completed,
optimized,known,estimate,106276,155.1893,49.6812,completed,
optimized,shifted,estimate,106293,159.6563,48.5093,completed,
optimized,missing,estimate,106310,142.8385,48.1723,completed,
optimized,known,estimate,106327,131.1105,48.8816,completed,
optimized,shifted,estimate,106344,113.8948,49.2020,completed,
optimized,missing,estimate,106361,117.6299,48.1403,completed,
optimized,known,estimate,106378,125.7711,49.3522,completed,
optimized,shifted,estimate,106395,862.8274,2.2628,violated,instrument-collision
optimized,missing,estimate,106412,135.6399,49.3354,completed,
optimized,known,estimate,106429,132.7148,48.8721,completed,
optimized,shifted,estimate,106446,601.6372,18.8757,violated,instrument-collision
optimized,missing,estimate,106463,122.6707,48.4743,completed,
optimized,known,estimate,106480,158.3415,48.4335,completed,
optimized,shifted,estimate,106497,129.6639,48.3317,completed,
optimized,missing,estimate,106514,140.8814,47.9491,completed,
optimized,known,estimate,106531,140.4866,48.3091,completed,
optimized,shifted,estimate,106548,852.9539,2.2749,violated,instrument-collision
optimized,missing,estimate,106565,148.6183,48.9037,completed,
optimized,known,estimate,106582,134.8730,48.5453,completed,
optimized,shifted,estimate,106599,119.0617,48.4615,completed,
optimized,missing,estimate,106616,143.5882,47.5994,completed,
optimized,known,estimate,106633,138.4500,49.4903,completed,
optimized,shifted,estimate,106650,138.8192,49.0454,completed,
optimized,missing,estimate,106667,136.2772,49.4984,completed,
optimized,known,estimate,106684,127.0462,48.8232,completed,
optimized,shifted,estimate,106701,142.5234,47.8450,completed,
optimized,missing,estimate,106718,131.5697,48.3547,completed,
optimized,known,estimate,106735,141.7688,48.9004,completed,
optimized,shifted,estimate,106752,133.7193,49.2893,completed,
optimized,missing,estimate,106769,122.5090,48.4539,completed,
optimized,known,estimate,106786,136.9869,47.8791,completed,
optimized,shifted,estimate,106803,124.3982,50.6352,completed,
optimized,missing,estimate,106820,121.5306,47.1862,completed,
optimized,known,estimate,106837,143.4140,48.9462,completed,
optimized,shifted,estimate,106854,114.8676,48.9061,completed,
optimized,missing,estimate,106871,141.8380,48.5438,completed,
optimized,known,estimate,106888,119.9841,48.4399,completed,
optimized,shifted,estimate,106905,140.4580,47.7407,completed,
optimized,missing,estimate,106922,117.5258,47.9049,completed,
optimized,known,estimate,106939,139.4244,48.2864,completed,
optimized,shifted,estimate,106956,128.6421,47.9053,completed,
optimized,missing,estimate,106973,157.4311,49.2279,completed,
optimized,known,estimate,106990,125.7881,49.4548,completed,
optimized,shifted,estimate,107007,139.8264,48.3600,completed,
optimized,missing,estimate,107024,131.6059,48.1781,completed,
optimized,known,estimate,107041,133.1704,48.0563,completed,
optimized,shifted,estimate,107058,134.1439,47.3494,completed,
optimized,missing,estimate,107075,157.8543,48.1084,completed,
optimized,known,estimate,107092,124.2961,48.1162,completed,
optimized,shifted,estimate,107109,113.9951,49.3342,completed,
optimized,missing,estimate,107126,135.2068,48.4193,completed,
optimized,known,estimate,107143,130.4369,48.8842,completed,
optimized,shifted,estimate,107160,133.5323,48.2762,completed,
optimized,missing,estimate,107177,138.2209,47.5976,completed,
optimized,known,estimate,107194,140.4614,49.0410,completed,
optimized,shifted,estimate,107211,137.8777,48.6358,completed,
optimized,missing,estimate,107228,158.8726,49.1362,completed,
optimized,known,estimate,107245,146.9150,47.4148,completed,
optimized,shifted,estimate,107262,212.5429,43.8086,violated,instrument-collision
optimized,missing,estimate,107279,130.1873,48.8164,completed,
optimized,known,estimate,107296,143.5383,48.3565,completed,
optimized,shifted,estimate,107313,134.0495,47.7009,completed,
optimized,missing,estimate,107330,134.5063,47.2586,completed,
optimized,known,estimate,107347,140.0998,49.4588,completed,
optimized,shifted,estimate,107364,119.7944,49.3647,completed,
optimized,missing,estimate,107381,136.7472,48.8680,completed,
optimized,known,estimate,107398,139.4544,48.9196,completed,
optimized,shifted,estimate,107415,131.8029,48.8495,completed,
optimized,missing,estimate,107432,130.3055,50.7551,completed,
optimized,known,estimate,107449,119.5415,47.8378,completed,
optimized,shifted,estimate,107466,127.1185,48.4274,completed,
optimized,missing,estimate,107483,139.9255,48.9165,completed,
optimized,known,estimate,107500,135.3240,48.2772,completed,
optimized,shifted,estimate,107517,130.5716,49.0198,completed,
optimized,missing,estimate,107534,131.2270,48.8389,completed,
optimized,known,estimate,107551,144.9133,47.7495,completed,
optimized,shifted,estimate,107568,150.7666,48.1987,completed,
optimized,missing,estimate,107585,153.7213,47.3808,completed,
optimized,known,estimate,107602,124.7045,48.1358,completed,
optimized,shifted,estimate,107619,143.0376,49.4095,completed,
optimized,missing,estimate,107636,117.8000,48.4134,completed,
optimized,known,estimate,107653,147.7996,48.9817,completed,
optimized,shifted,estimate,107670,122.2023,48.6771,completed,
optimized,missing,estimate,107687,134.5920,48.2772,completed,
optimized,known,estimate,107704,135.4789,47.5480,completed,
optimized,shifted,estimate,107721,136.3488,48.5506,completed,
optimized,missing,estimate,107738,131.2001,48.5738,completed,
optimized,known,estimate,107755,137.6236,49.1662,completed,
optimized,shifted,estimate,107772,131.7712,47.4177,completed,
optimized,missing,estimate,107789,152.6283,50.1851,completed,
optimized,known,estimate,107806,128.5126,47.6751,completed,
optimized,shifted,estimate,107823,122.9508,49.0136,completed,
optimized,missing,estimate,107840,141.2402,48.6155,completed,
optimized,known,estimate,107857,133.8725,48.5340,completed,
optimized,shifted,estimate,107874,127.8385,48.6187,completed,
optimized,missing,estimate,107891,127.5947,48.4438,completed,
optimized,known,estimate,107908,125.3405,47.7376,completed,
optimized,shifted,estimate,107925,136.2075,47.4774,completed,
optimized,missing,estimate,107942,138.2952,48.0322,completed,
optimized,known,estimate,107959,123.3617,48.0828,completed,
optimized,shifted,estimate,107976,135.5273,48.6933,completed,
optimized,missing,estimate,107993,119.2794,47.2512,completed,
optimized,known,estimate,108010,142.4405,49.4301,completed,
optimized,shifted,estimate,108027,115.6977,48.4290,completed,
optimized,missing,estimate,108044,143.3554,50.1942,completed,
optimized,known,estimate,108061,143.6843,49.1157,completed,
optimized,shifted,estimate,108078,699.0841,10.5982,violated,instrument-collision
optimized,missing,estimate,108095,130.7744,48.4721,completed,
optimized,known,estimate,108112,128.6614,48.0431,completed,
optimized,shifted,estimate,108129,138.7980,49.1125,completed,
optimized,missing,estimate,108146,138.9888,49.4849,completed,
optimized,known,estimate,108163,124.5540,48.3671,completed,
optimized,shifted,estimate,108180,160.5092,49.2294,completed,
optimized,missing,estimate,108197,158.8665,49.1540,completed,
optimized,known,estimate,108214,131.5988,48.4447,completed,
optimized,shifted,estimate,108231,142.7319,48.6208,completed,
optimized,missing,estimate,108248,124.8528,48.5230,completed,
optimized,known,estimate,108265,127.0085,48.0340,completed,
optimized,shifted,estimate,108282,161.2009,49.4491,completed,
optimized,missing,estimate,108299,145.3921,49.2950,completed,
optimized,known,estimate,108316,125.4628,48.9966,completed,
optimized,shifted,estimate,108333,134.7511,48.3398,completed,
optimized,missing,estimate,108350,131.1092,48.0719,completed,
optimized,known,estimate,108367,138.8132,49.6462,completed,
optimized,shifted,estimate,108384,426.3752,27.2095,violated,instrument-collision
optimized,missing,estimate,108401,141.9098,48.5467,completed,
optimized,known,estimate,108418,135.9048,48.1819,completed,
optimized,shifted,estimate,108435,118.9520,49.3382,completed,
optimized,missing,estimate,108452,137.5609,48.8630,completed,
optimized,known,estimate,108469,122.3114,49.0941,completed,
optimized,shifted,estimate,108486,148.4824,46.6218,completed,
optimized,missing,estimate,108503,141.8390,48.9092,completed,
optimized,known,estimate,108520,139.3533,47.5608,completed,
optimized,shifted,estimate,108537,607.1392,18.8887,violated,instrument-collision
optimized,missing,estimate,108554,148.1912,49.7011,completed,
optimized,known,estimate,108571,120.8192,48.0540,completed,
optimized,shifted,estimate,108588,501.9313,27.1542,violated,instrument-collision
optimized,missing,estimate,108605,134.6405,48.8641,completed,
optimized,known,estimate,108622,117.8058,47.9207,completed,
optimized,shifted,estimate,108639,121.1552,49.2937,completed,
optimized,missing,estimate,108656,136.8123,48.8142,completed,
optimized,known,estimate,108673,129.6691,48.5019,completed,
optimized,shifted,estimate,108690,118.0528,48.6802,completed,
baseline,known,belief,100003,170.8075,49.3352,stopped,
baseline,shifted,belief,100020,175.4444,49.4190,stopped,
baseline,missing,belief,100037,847.9251,1.4000,stopped,
baseline,known,belief,100054,172.0668,49.5415,stopped,
baseline,shifted,belief,100071,272.9809,43.8193,stopped,
baseline,missing,belief,100088,855.4476,1.4000,stopped,
baseline,known,belief,100105,142.9473,49.1925,stopped,
baseline,shifted,belief,100122,132.1000,53.6564,completed,
baseline,missing,belief,100139,889.6476,1.4000,stopped,
baseline,known,belief,100156,187.7901,49.5956,stopped,
baseline,shifted,belief,100173,165.6859,49.4649,stopped,
baseline,missing,belief,100190,836.3413,1.4000,stopped,
baseline,known,belief,100207,198.0624,49.5409,stopped,
baseline,shifted,belief,100224,189.2239,49.5841,stopped,
baseline,missing,belief,100241,854.7820,1.4000,stopped,
baseline,known,belief,100258,148.6038,53.9019,completed,
baseline,shifted,belief,100275,275.5511,43.8111,stopped,
baseline,missing,belief,100292,866.4348,1.4000,stopped,
baseline,known,belief,100309,174.9158,48.9237,stopped,
baseline,shifted,belief,100326,132.8899,53.5736,completed,
baseline,missing,belief,100343,848.2617,1.4000,stopped,
baseline,known,belief,100360,169.0384,49.4684,stopped,
baseline,shifted,belief,100377,240.0666,43.8171,stopped,
baseline,missing,belief,100394,850.1931,1.4000,stopped,
baseline,known,belief,100411,171.0726,49.4337,stopped,
baseline,shifted,belief,100428,186.6257,49.5647,stopped,
baseline,missing,belief,100445,875.8480,1.4000,stopped,
baseline,known,belief,100462,256.3394,43.1249,stopped,
baseline,shifted,belief,100479,647.7795,16.4226,stopped,
baseline,missing,belief,100496,872.0572,1.4000,stopped,
baseline,known,belief,100513,140.9769,54.0631,completed,
baseline,shifted,belief,100530,543.1980,22.9305,stopped,
baseline,missing,belief,100547,847.4869,1.4000,stopped,
baseline,known,belief,100564,135.3776,54.0067,completed,
baseline,shifted,belief,100581,255.8350,43.8151,stopped,
baseline,missing,belief,100598,894.5330,1.4000,stopped,
baseline,known,belief,100615,192.3547,49.4722,stopped,
baseline,shifted,belief,100632,172.3450,49.1901,stopped,
baseline,missing,belief,100649,826.8909,1.4000,stopped,
baseline,known,belief,100666,201.3441,49.5908,stopped,
baseline,shifted,belief,100683,427.2680,30.1291,stopped,
baseline,missing,belief,100700,874.3765,1.4000,stopped,
baseline,known,belief,100717,198.5779,48.9179,stopped,
baseline,shifted,belief,100734,174.9477,49.4944,stopped,
baseline,missing,belief,100751,829.8307,1.4000,stopped,
baseline,known,belief,100768,155.4659,54.0547,completed,
baseline,shifted,belief,100785,184.7740,49.6340,stopped,
baseline,missing,belief,100802,859.9048,1.4000,stopped,
baseline,known,belief,100819,177.5073,49.3940,stopped,
baseline,shifted,belief,100836,672.1880,16.4208,stopped,
baseline,missing,belief,100853,833.2922,1.4000,stopped,
baseline,known,belief,100870,269.5852,43.1241,stopped,
baseline,shifted,belief,100887,190.7135,49.7839,stopped,
baseline,missing,belief,100904,852.6196,1.4000,stopped,
baseline,known,belief,100921,244.2340,43.1198,stopped,
baseline,shifted,belief,100938,207.7866,49.7346,stopped,
baseline,missing,belief,100955,858.6580,1.4000,stopped,
baseline,known,belief,100972,155.2208,55.6656,completed,
baseline,shifted,belief,100989,166.8833,49.3444,stopped,
baseline,missing,belief,101006,876.0608,1.4000,stopped,
baseline,known,belief,101023,147.3698,54.6967,completed,
baseline,shifted,belief,101040,371.3314,36.6120,stopped,
baseline,missing,belief,101057,836.9918,1.4000,stopped,
baseline,known,belief,101074,162.2471,48.7054,stopped,
baseline,shifted,belief,101091,298.8397,43.7769,stopped,
baseline,missing,belief,101108,832.2029,1.4000,stopped,
baseline,known,belief,101125,148.2343,53.6024,completed,
baseline,shifted,belief,101142,444.2843,30.1245,stopped,
baseline,missing,belief,101159,854.1099,1.4000,stopped,
baseline,known,belief,101176,285.2848,43.0952,stopped,
baseline,shifted,belief,101193,153.7023,53.7664,completed,
baseline,missing,belief,101210,885.7975,1.4000,stopped,
baseline,known,belief,101227,189.2304,48.3969,stopped,
baseline,shifted,belief,101244,197.0078,49.9737,violated,pellet-envelope
baseline,missing,belief,101261,834.4068,1.4000,stopped,
baseline,known,belief,101278,186.0837,48.8391,stopped,
baseline,shifted,belief,101295,637.1342,16.4483,stopped,
baseline,missing,belief,101312,850.8158,1.4000,stopped,
baseline,known,belief,101329,187.1784,49.4940,stopped,
baseline,shifted,belief,101346,169.1065,54.1354,completed,
baseline,missing,belief,101363,842.1925,1.4000,stopped,
baseline,known,belief,101380,168.7343,48.3739,stopped,
baseline,shifted,belief,101397,175.6194,50.0747,stopped,
baseline,missing,belief,101414,827.0034,1.4000,stopped,
baseline,known,belief,101431,158.1642,48.3887,completed,
baseline,shifted,belief,101448,205.6167,49.7723,stopped,
baseline,missing,belief,101465,865.6693,1.4000,stopped,
baseline,known,belief,101482,191.1909,49.4668,stopped,
baseline,shifted,belief,101499,162.8775,49.5338,stopped,
baseline,missing,belief,101516,871.9538,1.4000,stopped,
baseline,known,belief,101533,160.9803,49.1317,stopped,
baseline,shifted,belief,101550,274.9868,43.7964,stopped,
baseline,missing,belief,101567,841.1870,1.4000,stopped,
baseline,known,belief,101584,188.3456,49.5935,stopped,
baseline,shifted,belief,101601,255.8779,43.8263,stopped,
baseline,missing,belief,101618,830.5824,1.4000,stopped,
baseline,known,belief,101635,162.2436,49.3658,stopped,
baseline,shifted,belief,101652,545.6517,22.9315,stopped,
baseline,missing,belief,101669,840.9460,1.4000,stopped,
baseline,known,belief,101686,175.4988,49.4750,stopped,
baseline,shifted,belief,101703,178.2797,49.5393,stopped,
baseline,missing,belief,101720,858.9405,1.4000,stopped,
baseline,known,belief,101737,152.2238,54.1648,completed,
baseline,shifted,belief,101754,441.5156,30.1282,stopped,
baseline,missing,belief,101771,846.1066,1.4000,stopped,
baseline,known,belief,101788,154.0122,54.2128,completed,
baseline,shifted,belief,101805,169.5615,49.3972,stopped,
baseline,missing,belief,101822,832.3753,1.4000,stopped,
baseline,known,belief,101839,166.2979,49.4441,stopped,
baseline,shifted,belief,101856,673.6441,16.4569,stopped,
baseline,missing,belief,101873,845.1713,1.4000,stopped,
baseline,known,belief,101890,141.8097,53.8762,completed,
baseline,shifted,belief,101907,187.9162,49.4713,stopped,
baseline,missing,belief,101924,833.9172,1.4000,stopped,
baseline,known,belief,101941,177.9766,49.5189,stopped,
baseline,shifted,belief,101958,576.3531,22.8699,stopped,
baseline,missing,belief,101975,839.8477,1.4000,stopped,
baseline,known,belief,101992,179.7961,49.2819,stopped,
baseline,shifted,belief,102009,293.3392,43.8005,stopped,
baseline,missing,belief,102026,872.9919,1.4000,stopped,
baseline,known,belief,102043,179.1245,49.4668,stopped,
baseline,shifted,belief,102060,179.1256,49.3769,completed,
baseline,missing,belief,102077,851.6749,1.4000,stopped,
baseline,known,belief,102094,286.5976,43.1227,stopped,
baseline,shifted,belief,102111,242.0291,43.8218,stopped,
baseline,missing,belief,102128,864.5635,1.4000,stopped,
baseline,known,belief,102145,220.8206,49.5543,stopped,
baseline,shifted,belief,102162,253.5037,43.8267,stopped,
baseline,missing,belief,102179,854.0283,1.4000,stopped,
baseline,known,belief,102196,150.0661,48.5839,stopped,
baseline,shifted,belief,102213,185.8546,49.5584,stopped,
baseline,missing,belief,102230,871.4176,1.4000,stopped,
baseline,known,belief,102247,209.5662,48.7192,stopped,
baseline,shifted,belief,102264,264.4093,44.5118,stopped,
baseline,missing,belief,102281,852.6332,1.4000,stopped,
baseline,known,belief,102298,156.8183,49.6133,stopped,
baseline,shifted,belief,102315,178.9687,49.6129,stopped,
baseline,missing,belief,102332,845.7416,1.4000,stopped,
baseline,known,belief,102349,178.6641,49.5243,stopped,
baseline,shifted,belief,102366,258.6312,44.5249,stopped,
baseline,missing,belief,102383,854.1811,1.4000,stopped,
baseline,known,belief,102400,192.2879,49.5460,stopped,
baseline,shifted,belief,102417,264.7352,43.7903,stopped,
baseline,missing,belief,102434,804.8436,1.4000,stopped,
baseline,known,belief,102451,175.4794,49.2271,stopped,
baseline,shifted,belief,102468,301.1327,43.7820,stopped,
baseline,missing,belief,102485,822.6844,1.4000,stopped,
baseline,known,belief,102502,193.9180,48.7634,stopped,
baseline,shifted,belief,102519,192.8644,49.7562,stopped,
baseline,missing,belief,102536,822.9134,1.4000,stopped,
baseline,known,belief,102553,127.6183,54.1461,completed,
baseline,shifted,belief,102570,194.5023,49.7836,stopped,
baseline,missing,belief,102587,851.2787,1.4000,stopped,
baseline,known,belief,102604,138.4946,54.2746,completed,
baseline,shifted,belief,102621,150.3862,55.6731,completed,
baseline,missing,belief,102638,824.8908,1.4000,stopped,
baseline,known,belief,102655,172.9976,53.4493,completed,
baseline,shifted,belief,102672,820.9439,1.4000,stopped,
baseline,missing,belief,102689,846.8864,1.4000,stopped,
baseline,known,belief,102706,160.2587,53.7632,completed,
baseline,shifted,belief,102723,461.3343,30.0971,stopped,
baseline,missing,belief,102740,857.5692,1.4000,stopped,
baseline,known,belief,102757,186.3871,48.8322,stopped,
baseline,shifted,belief,102774,192.9241,49.8511,stopped,
baseline,missing,belief,102791,842.7182,1.4000,stopped,
baseline,known,belief,102808,172.6505,48.7536,stopped,
baseline,shifted,belief,102825,185.0106,49.5260,stopped,
baseline,missing,belief,102842,878.5677,1.4000,stopped,
baseline,known,belief,102859,139.5978,54.2663,completed,
baseline,shifted,belief,102876,847.0609,1.4000,stopped,
baseline,missing,belief,102893,832.0999,1.4000,stopped,
baseline,known,belief,102910,186.6015,49.5625,stopped,
baseline,shifted,belief,102927,186.6998,49.5547,stopped,
baseline,missing,belief,102944,844.0331,1.4000,stopped,
baseline,known,belief,102961,133.4966,54.6268,completed,
baseline,shifted,belief,102978,467.8629,30.1127,stopped,
baseline,missing,belief,102995,870.0526,1.4000,stopped,
baseline,known,belief,103012,178.7851,49.3556,stopped,
baseline,shifted,belief,103029,250.9333,44.5181,stopped,
baseline,missing,belief,103046,864.0681,1.4000,stopped,
baseline,known,belief,103063,180.6020,50.8652,stopped,
baseline,shifted,belief,103080,253.1760,43.8355,stopped,
baseline,missing,belief,103097,836.0347,1.4000,stopped,
baseline,known,belief,103114,207.9920,49.5972,stopped,
baseline,shifted,belief,103131,554.3342,22.9054,stopped,
baseline,missing,belief,103148,846.0979,1.4000,stopped,
baseline,known,belief,103165,189.3428,49.3351,stopped,
baseline,shifted,belief,103182,372.2281,36.5975,stopped,
baseline,missing,belief,103199,860.9698,1.4000,stopped,
baseline,known,belief,103216,189.5240,49.4301,stopped,
baseline,shifted,belief,103233,216.5925,49.4441,stopped,
baseline,missing,belief,103250,837.8688,1.4000,stopped,
baseline,known,belief,103267,207.2821,49.6762,stopped,
baseline,shifted,belief,103284,161.7701,49.5475,stopped,
baseline,missing,belief,103301,838.1863,1.4000,stopped,
baseline,known,belief,103318,193.3444,49.3325,stopped,
baseline,shifted,belief,103335,350.4248,36.5947,stopped,
baseline,missing,belief,103352,846.2871,1.4000,stopped,
baseline,known,belief,103369,126.7797,54.3280,completed,
baseline,shifted,belief,103386,620.7539,17.1137,stopped,
baseline,missing,belief,103403,849.4038,1.4000,stopped,
baseline,known,belief,103420,172.5039,48.4496,stopped,
baseline,shifted,belief,103437,174.4137,49.3065,stopped,
baseline,missing,belief,103454,845.3612,1.4000,stopped,
baseline,known,belief,103471,197.5216,50.1781,stopped,
baseline,shifted,belief,103488,266.1878,43.8219,stopped,
baseline,missing,belief,103505,841.0645,1.4000,stopped,
baseline,known,belief,103522,205.7525,49.4998,stopped,
baseline,shifted,belief,103539,622.1631,16.4248,stopped,
baseline,missing,belief,103556,840.0379,1.4000,stopped,
baseline,known,belief,103573,159.2008,54.9879,completed,
baseline,shifted,belief,103590,188.4877,49.7157,stopped,
baseline,missing,belief,103607,823.5644,1.4000,stopped,
baseline,known,belief,103624,165.3933,49.4557,stopped,
baseline,shifted,belief,103641,427.5693,30.1328,stopped,
baseline,missing,belief,103658,900.0367,1.4000,stopped,
baseline,known,belief,103675,197.7073,49.6799,stopped,
baseline,shifted,belief,103692,361.3286,36.6190,stopped,
baseline,missing,belief,103709,835.4638,1.4000,stopped,
baseline,known,belief,103726,127.7522,54.1003,completed,
baseline,shifted,belief,103743,748.8032,9.2045,stopped,
baseline,missing,belief,103760,841.8779,1.4000,stopped,
baseline,known,belief,103777,163.0758,49.2174,stopped,
baseline,shifted,belief,103794,635.9238,16.4359,stopped,
baseline,missing,belief,103811,893.8790,1.4000,stopped,
baseline,known,belief,103828,178.4492,49.5062,stopped,
baseline,shifted,belief,103845,193.2921,49.7700,stopped,
baseline,missing,belief,103862,833.1513,1.4000,stopped,
baseline,known,belief,103879,211.9077,49.2540,stopped,
baseline,shifted,belief,103896,235.3946,43.8263,stopped,
baseline,missing,belief,103913,885.9946,1.4000,stopped,
baseline,known,belief,103930,199.1265,48.6166,stopped,
baseline,shifted,belief,103947,155.8084,48.9521,completed,
baseline,missing,belief,103964,851.9450,1.4000,stopped,
baseline,known,belief,103981,188.2628,49.5205,stopped,
baseline,shifted,belief,103998,181.7359,49.7180,stopped,
baseline,missing,belief,104015,858.6479,1.4000,stopped,
baseline,known,belief,104032,156.0280,54.7860,completed,
baseline,shifted,belief,104049,536.5570,22.9141,stopped,
baseline,missing,belief,104066,872.9287,1.4000,stopped,
baseline,known,belief,104083,180.4297,49.2004,stopped,
baseline,shifted,belief,104100,269.3508,45.2163,stopped,
baseline,missing,belief,104117,887.3660,1.4000,stopped,
baseline,known,belief,104134,888.8442,1.4000,stopped,
baseline,shifted,belief,104151,156.4436,49.4449,stopped,
baseline,missing,belief,104168,874.4589,1.4000,stopped,
baseline,known,belief,104185,144.6818,54.4107,completed,
baseline,shifted,belief,104202,170.7985,49.3600,stopped,
baseline,missing,belief,104219,848.1437,1.4000,stopped,
baseline,known,belief,104236,195.7025,48.7188,stopped,
baseline,shifted,belief,104253,830.1741,1.4000,stopped,
baseline,missing,belief,104270,812.4289,1.4000,stopped,
baseline,known,belief,104287,181.8089,49.5384,stopped,
baseline,shifted,belief,104304,199.4902,49.8570,stopped,
baseline,missing,belief,104321,863.3293,1.4000,stopped,
baseline,known,belief,104338,174.6529,48.6670,stopped,
baseline,shifted,belief,104355,200.3000,49.4524,stopped,
baseline,missing,belief,104372,829.8918,1.4000,stopped,
baseline,known,belief,104389,195.8703,49.5556,stopped,
baseline,shifted,belief,104406,354.2580,36.6089,stopped,
baseline,missing,belief,104423,884.0888,1.4000,stopped,
baseline,known,belief,104440,177.7353,49.5153,stopped,
baseline,shifted,belief,104457,151.7267,49.3439,stopped,
baseline,missing,belief,104474,837.8463,1.4000,stopped,
baseline,known,belief,104491,172.1559,49.6471,stopped,
baseline,shifted,belief,104508,560.2018,22.9233,stopped,
baseline,missing,belief,104525,840.0807,1.4000,stopped,
baseline,known,belief,104542,163.7531,49.4153,stopped,
baseline,shifted,belief,104559,366.4133,36.5955,stopped,
baseline,missing,belief,104576,869.4676,1.4000,stopped,
baseline,known,belief,104593,182.5861,49.6561,stopped,
baseline,shifted,belief,104610,555.2562,22.9049,stopped,
baseline,missing,belief,104627,850.0866,1.4000,stopped,
baseline,known,belief,104644,175.9347,49.4218,stopped,
baseline,shifted,belief,104661,176.1992,49.3949,stopped,
baseline,missing,belief,104678,842.8003,1.4000,stopped,
baseline,known,belief,104695,180.5922,48.5933,stopped,
baseline,shifted,belief,104712,497.8489,30.0862,stopped,
baseline,missing,belief,104729,832.4657,1.4000,stopped,
baseline,known,belief,104746,178.7498,49.5253,stopped,
baseline,shifted,belief,104763,851.9491,1.4000,stopped,
baseline,missing,belief,104780,854.4764,1.4000,stopped,
baseline,known,belief,104797,140.6032,53.7989,completed,
baseline,shifted,belief,104814,175.6158,49.3051,stopped,
baseline,missing,belief,104831,840.9652,1.4000,stopped,
baseline,known,belief,104848,192.9333,48.7748,stopped,
baseline,shifted,belief,104865,267.0651,43.8168,stopped,
baseline,missing,belief,104882,858.1398,1.4000,stopped,
baseline,known,belief,104899,191.4231,49.5530,stopped,
baseline,shifted,belief,104916,373.1407,36.6208,stopped,
baseline,missing,belief,104933,849.8846,1.4000,stopped,
baseline,known,belief,104950,141.7675,54.5955,completed,
baseline,shifted,belief,104967,839.3208,1.4000,stopped,
baseline,missing,belief,104984,819.1825,1.4000,stopped,
baseline,known,belief,105001,181.9088,49.5465,stopped,
baseline,shifted,belief,105018,190.4017,50.1829,stopped,
baseline,missing,belief,105035,855.8399,1.4000,stopped,
baseline,known,belief,105052,206.9769,50.0104,violated,pellet-envelope
baseline,shifted,belief,105069,168.0059,50.8493,stopped,
baseline,missing,belief,105086,814.1220,1.4000,stopped,
baseline,known,belief,105103,174.9154,49.4274,stopped,
baseline,shifted,belief,105120,210.3753,49.8228,stopped,
baseline,missing,belief,105137,845.4650,1.4000,stopped,
baseline,known,belief,105154,186.3746,50.1937,stopped,
baseline,shifted,belief,105171,188.1760,49.2512,completed,
baseline,missing,belief,105188,841.5436,1.4000,stopped,
baseline,known,belief,105205,181.8912,49.3306,stopped,
baseline,shifted,belief,105222,182.4484,49.5923,stopped,
baseline,missing,belief,105239,845.8970,1.4000,stopped,
baseline,known,belief,105256,183.3824,49.2964,stopped,
baseline,shifted,belief,105273,176.1302,49.2843,stopped,
baseline,missing,belief,105290,822.4828,1.4000,stopped,
baseline,known,belief,105307,182.8732,49.4670,stopped,
baseline,shifted,belief,105324,855.3086,1.4000,stopped,
baseline,missing,belief,105341,857.1477,1.4000,stopped,
baseline,known,belief,105358,170.3478,49.4097,stopped,
baseline,shifted,belief,105375,237.8677,43.8140,stopped,
baseline,missing,belief,105392,858.5730,1.4000,stopped,
baseline,known,belief,105409,174.2815,49.5245,stopped,
baseline,shifted,belief,105426,192.6484,49.3890,stopped,
baseline,missing,belief,105443,832.7281,1.4000,stopped,
baseline,known,belief,105460,185.5957,48.6649,stopped,
baseline,shifted,belief,105477,457.1675,30.0929,stopped,
baseline,missing,belief,105494,873.0281,1.4000,stopped,
baseline,known,belief,105511,164.8850,48.2515,stopped,
baseline,shifted,belief,105528,209.2912,49.7297,stopped,
baseline,missing,belief,105545,849.1069,1.4000,stopped,
baseline,known,belief,105562,179.3693,48.7223,stopped,
baseline,shifted,belief,105579,165.1915,49.5631,stopped,
baseline,missing,belief,105596,827.0455,1.4000,stopped,
baseline,known,belief,105613,221.1752,50.1781,stopped,
baseline,shifted,belief,105630,673.2207,16.4118,stopped,
baseline,missing,belief,105647,831.1157,1.4000,stopped,
baseline,known,belief,105664,196.6358,49.3839,stopped,
baseline,shifted,belief,105681,198.0490,49.5072,stopped,
baseline,missing,belief,105698,815.8548,1.4000,stopped,
baseline,known,belief,105715,207.1315,49.4448,stopped,
baseline,shifted,belief,105732,190.2125,49.2954,stopped,
baseline,missing,belief,105749,892.8410,1.4000,stopped,
baseline,known,belief,105766,270.9212,43.8180,stopped,
baseline,shifted,belief,105783,851.5145,1.4000,stopped,
baseline,missing,belief,105800,892.1633,1.4000,stopped,
baseline,known,belief,105817,210.7790,49.6491,stopped,
baseline,shifted,belief,105834,371.4173,36.5960,stopped,
baseline,missing,belief,105851,824.1114,1.4000,stopped,
baseline,known,belief,105868,163.3797,54.0878,completed,
baseline,shifted,belief,105885,281.4351,43.8017,stopped,
baseline,missing,belief,105902,856.3108,1.4000,stopped,
baseline,known,belief,105919,136.0852,53.3250,completed,
baseline,shifted,belief,105936,178.8225,49.0472,stopped,
baseline,missing,belief,105953,869.3192,1.4000,stopped,
baseline,known,belief,105970,181.0716,48.5228,stopped,
baseline,shifted,belief,105987,197.9572,49.6431,stopped,
baseline,missing,belief,106004,882.6763,1.4000,stopped,
baseline,known,belief,106021,171.6630,49.4632,stopped,
baseline,shifted,belief,106038,259.0219,43.7993,stopped,
baseline,missing,belief,106055,830.3999,1.4000,stopped,
baseline,known,belief,106072,152.7045,53.2582,completed,
baseline,shifted,belief,106089,857.3486,1.4000,stopped,
baseline,missing,belief,106106,881.0008,1.4000,stopped,
baseline,known,belief,106123,182.0497,49.3959,stopped,
baseline,shifted,belief,106140,533.6617,22.9221,stopped,
baseline,missing,belief,106157,839.5017,1.4000,stopped,
baseline,known,belief,106174,197.1098,48.8821,stopped,
baseline,shifted,belief,106191,451.4715,30.1162,stopped,
baseline,missing,belief,106208,843.0558,1.4000,stopped,
baseline,known,belief,106225,154.6238,49.3473,stopped,
baseline,shifted,belief,106242,647.4518,17.1305,stopped,
baseline,missing,belief,106259,869.0892,1.4000,stopped,
baseline,known,belief,106276,167.1000,54.3769,completed,
baseline,shifted,belief,106293,213.8094,50.1404,stopped,
baseline,missing,belief,106310,849.7368,1.4000,stopped,
baseline,known,belief,106327,186.3753,49.5069,stopped,
baseline,shifted,belief,106344,450.3219,30.7979,stopped,
baseline,missing,belief,106361,825.7029,1.4000,stopped,
baseline,known,belief,106378,139.4124,54.4724,completed,
baseline,shifted,belief,106395,143.2547,54.2680,completed,
baseline,missing,belief,106412,876.9963,1.4000,stopped,
baseline,known,belief,106429,136.9935,54.0015,completed,
baseline,shifted,belief,106446,143.3831,54.3556,completed,
baseline,missing,belief,106463,834.2532,1.4000,stopped,
baseline,known,belief,106480,204.1345,50.2171,stopped,
baseline,shifted,belief,106497,351.9207,36.6285,stopped,
baseline,missing,belief,106514,842.2233,1.4000,stopped,
baseline,known,belief,106531,184.9879,49.4968,stopped,
baseline,shifted,belief,106548,190.9314,49.6331,stopped,
baseline,missing,belief,106565,861.6737,1.4000,stopped,
baseline,known,belief,106582,181.6422,49.6533,stopped,
baseline,shifted,belief,106599,171.1669,49.3243,stopped,
baseline,missing,belief,106616,836.7705,1.4000,stopped,
baseline,known,belief,106633,203.1162,48.9898,stopped,
baseline,shifted,belief,106650,475.9804,30.0868,stopped,
baseline,missing,belief,106667,861.1629,1.4000,stopped,
baseline,known,belief,106684,139.7805,53.6577,completed,
baseline,shifted,belief,106701,262.6250,43.8312,stopped,
baseline,missing,belief,106718,846.0938,1.4000,stopped,
baseline,known,belief,106735,193.4927,48.9491,stopped,
baseline,shifted,belief,106752,854.2011,1.4000,stopped,
baseline,missing,belief,106769,840.9948,1.4000,stopped,
baseline,known,belief,106786,172.8114,49.4744,stopped,
baseline,shifted,belief,106803,297.1640,43.7783,stopped,
baseline,missing,belief,106820,811.2428,1.4000,stopped,
baseline,known,belief,106837,196.6295,49.6750,stopped,
baseline,shifted,belief,106854,169.3275,50.2261,stopped,
baseline,missing,belief,106871,853.9644,1.4000,stopped,
baseline,known,belief,106888,172.5074,49.2439,stopped,
baseline,shifted,belief,106905,178.6332,49.3190,stopped,
baseline,missing,belief,106922,828.6078,1.4000,stopped,
baseline,known,belief,106939,186.2779,48.6743,stopped,
baseline,shifted,belief,106956,830.7394,1.4000,stopped,
baseline,missing,belief,106973,874.5593,1.4000,stopped,
baseline,known,belief,106990,275.8405,43.1034,stopped,
baseline,shifted,belief,107007,152.5377,53.0938,completed,
baseline,missing,belief,107024,841.4459,1.4000,stopped,
baseline,known,belief,107041,174.7274,49.5052,stopped,
baseline,shifted,belief,107058,823.9247,1.4000,stopped,
baseline,missing,belief,107075,854.0182,1.4000,stopped,
baseline,known,belief,107092,169.5174,49.4440,stopped,
baseline,shifted,belief,107109,257.7717,43.7948,stopped,
baseline,missing,belief,107126,844.9950,1.4000,stopped,
baseline,known,belief,107143,269.3962,43.1245,stopped,
baseline,shifted,belief,107160,840.2665,1.4000,stopped,
baseline,missing,belief,107177,829.0350,1.4000,stopped,
baseline,known,belief,107194,149.3144,54.0432,completed,
baseline,shifted,belief,107211,848.7814,1.4000,stopped,
baseline,missing,belief,107228,879.1468,1.4000,stopped,
baseline,known,belief,107245,179.8966,49.1986,stopped,
baseline,shifted,belief,107262,190.6319,49.4782,stopped,
baseline,missing,belief,107279,853.1058,1.4000,stopped,
baseline,known,belief,107296,199.6147,49.0552,stopped,
baseline,shifted,belief,107313,449.2309,30.1275,stopped,
baseline,missing,belief,107330,830.1260,1.4000,stopped,
baseline,known,belief,107347,205.4706,49.5757,stopped,
baseline,shifted,belief,107364,258.7641,43.1040,stopped,
baseline,missing,belief,107381,859.6468,1.4000,stopped,
baseline,known,belief,107398,194.7609,49.6051,stopped,
baseline,shifted,belief,107415,186.5934,49.6279,stopped,
baseline,missing,belief,107432,889.2994,1.4000,stopped,
baseline,known,belief,107449,155.8163,49.4558,stopped,
baseline,shifted,belief,107466,257.6140,43.8290,stopped,
baseline,missing,belief,107483,861.0315,1.4000,stopped,
baseline,known,belief,107500,180.1696,48.7906,stopped,
baseline,shifted,belief,107517,133.6998,54.3305,completed,
baseline,missing,belief,107534,851.7258,1.4000,stopped,
baseline,known,belief,107551,184.1165,49.2652,stopped,
baseline,shifted,belief,107568,662.2559,16.4098,stopped,
baseline,missing,belief,107585,838.0716,1.4000,stopped,
baseline,known,belief,107602,165.7203,49.5341,stopped,
baseline,shifted,belief,107619,290.1448,44.5011,stopped,
baseline,missing,belief,107636,844.3086,1.4000,stopped,
baseline,known,belief,107653,205.8558,48.8599,stopped,
baseline,shifted,belief,107670,353.6698,37.2837,stopped,
baseline,missing,belief,107687,840.6914,1.4000,stopped,
baseline,known,belief,107704,172.7457,49.0413,stopped,
baseline,shifted,belief,107721,185.2834,49.6349,stopped,
baseline,missing,belief,107738,847.9964,1.4000,stopped,
baseline,known,belief,107755,198.8708,49.5549,stopped,
baseline,shifted,belief,107772,341.2096,36.6401,stopped,
baseline,missing,belief,107789,891.5534,1.4000,stopped,
baseline,known,belief,107806,173.0363,49.1597,stopped,
baseline,shifted,belief,107823,556.9024,22.9001,stopped,
baseline,missing,belief,107840,862.6395,1.4000,stopped,
baseline,known,belief,107857,183.1305,49.5314,stopped,
baseline,shifted,belief,107874,259.8591,43.8119,stopped,
baseline,missing,belief,107891,842.3968,1.4000,stopped,
baseline,known,belief,107908,168.0969,49.2394,stopped,
baseline,shifted,belief,107925,444.0457,30.8510,stopped,
baseline,missing,belief,107942,836.3653,1.4000,stopped,
baseline,known,belief,107959,162.9516,49.5079,stopped,
baseline,shifted,belief,107976,658.7018,16.4218,stopped,
baseline,missing,belief,107993,802.1939,1.4000,stopped,
baseline,known,belief,108010,149.8172,53.6966,completed,
baseline,shifted,belief,108027,163.8332,50.1540,stopped,
baseline,missing,belief,108044,891.3186,1.4000,stopped,
baseline,known,belief,108061,202.8787,48.9403,stopped,
baseline,shifted,belief,108078,170.2749,49.1266,completed,
baseline,missing,belief,108095,851.7029,1.4000,stopped,
baseline,known,belief,108112,175.2995,49.3004,stopped,
baseline,shifted,belief,108129,378.4579,36.6001,stopped,
baseline,missing,belief,108146,864.7304,1.4000,stopped,
baseline,known,belief,108163,168.1751,49.4787,stopped,
baseline,shifted,belief,108180,302.7139,43.7987,stopped,
baseline,missing,belief,108197,877.2973,1.4000,stopped,
baseline,known,belief,108214,177.2976,49.5453,stopped,
baseline,shifted,belief,108231,757.7897,9.2155,stopped,
baseline,missing,belief,108248,829.0337,1.4000,stopped,
baseline,known,belief,108265,171.1351,49.3694,stopped,
baseline,shifted,belief,108282,789.1608,9.1923,stopped,
baseline,missing,belief,108299,872.9610,1.4000,stopped,
baseline,known,belief,108316,184.1049,49.5449,stopped,
baseline,shifted,belief,108333,648.0862,16.4164,stopped,
baseline,missing,belief,108350,834.1953,1.4000,stopped,
baseline,known,belief,108367,154.8828,53.6221,completed,
baseline,shifted,belief,108384,160.1863,48.9380,stopped,
baseline,missing,belief,108401,853.8017,1.4000,stopped,
baseline,known,belief,108418,184.8373,49.4185,stopped,
baseline,shifted,belief,108435,266.8646,44.4683,stopped,
baseline,missing,belief,108452,857.2421,1.4000,stopped,
baseline,known,belief,108469,183.4739,49.4224,stopped,
baseline,shifted,belief,108486,734.2582,9.2671,stopped,
baseline,missing,belief,108503,857.0712,1.4000,stopped,
baseline,known,belief,108520,169.4371,49.3095,stopped,
baseline,shifted,belief,108537,190.5728,49.7239,stopped,
baseline,missing,belief,108554,873.8156,1.4000,stopped,
baseline,known,belief,108571,162.2878,49.4792,stopped,
baseline,shifted,belief,108588,497.2971,30.0865,stopped,
baseline,missing,belief,108605,854.4957,1.4000,stopped,
baseline,known,belief,108622,166.0088,49.7066,stopped,
baseline,shifted,belief,108639,179.6920,49.7407,stopped,
baseline,missing,belief,108656,855.2787,1.4000,stopped,
baseline,known,belief,108673,179.5245,49.4220,stopped,
baseline,shifted,belief,108690,174.0758,49.3447,stopped,
optimized,known,belief,100003,164.3425,49.9137,stopped,
optimized,shifted,belief,100020,171.1178,49.9798,stopped,
optimized,missing,belief,100037,847.9251,1.4000,stopped,
optimized,known,belief,100054,165.3031,50.1958,stopped,
optimized,shifted,belief,100071,255.6770,45.0629,stopped,
optimized,missing,belief,100088,855.4476,1.4000,stopped,
optimized,known,belief,100105,142.6966,49.5618,stopped,
optimized,shifted,belief,100122,166.3427,50.1962,stopped,
optimized,missing,belief,100139,889.6476,1.4000,stopped,
optimized,known,belief,100156,134.9526,54.7258,completed,
optimized,shifted,belief,100173,160.3873,50.0817,stopped,
optimized,missing,belief,100190,836.3413,1.4000,stopped,
optimized,known,belief,100207,133.5512,55.1943,completed,
optimized,shifted,belief,100224,256.3070,45.0559,stopped,
optimized,missing,belief,100241,854.7820,1.4000,stopped,
optimized,known,belief,100258,137.9804,54.6840,completed,
optimized,shifted,belief,100275,133.5218,54.8776,completed,
optimized,missing,belief,100292,866.4348,1.4000,stopped,
optimized,known,belief,100309,169.1685,49.5077,stopped,
optimized,shifted,belief,100326,121.4058,54.4797,completed,
optimized,missing,belief,100343,848.2617,1.4000,stopped,
optimized,known,belief,100360,163.8239,50.0510,stopped,
optimized,shifted,belief,100377,308.5036,39.2161,stopped,
optimized,missing,belief,100394,850.1931,1.4000,stopped,
optimized,known,belief,100411,162.8787,50.0903,stopped,
optimized,shifted,belief,100428,121.9698,55.1040,completed,
optimized,missing,belief,100445,875.8480,1.4000,stopped,
optimized,known,belief,100462,118.5716,53.9625,completed,
optimized,shifted,belief,100479,584.4954,20.9800,stopped,
optimized,missing,belief,100496,872.0572,1.4000,stopped,
optimized,known,belief,100513,131.5466,54.8435,completed,
optimized,shifted,belief,100530,577.2370,20.9890,stopped,
optimized,missing,belief,100547,847.4869,1.4000,stopped,
optimized,known,belief,100564,128.4257,54.6727,completed,
optimized,shifted,belief,100581,165.9187,50.1217,stopped,
optimized,missing,belief,100598,894.5330,1.4000,stopped,
optimized,known,belief,100615,144.7569,54.0640,completed,
optimized,shifted,belief,100632,164.1381,50.0204,stopped,
optimized,missing,belief,100649,826.8909,1.4000,stopped,
optimized,known,belief,100666,130.0840,55.5878,completed,
optimized,shifted,belief,100683,473.0024,26.8345,stopped,
optimized,missing,belief,100700,874.3765,1.4000,stopped,
optimized,known,belief,100717,133.7770,54.6324,completed,
optimized,shifted,belief,100734,239.9394,45.0326,stopped,
optimized,missing,belief,100751,829.8307,1.4000,stopped,
optimized,known,belief,100768,140.0464,55.1418,completed,
optimized,shifted,belief,100785,139.3404,54.1425,completed,
optimized,missing,belief,100802,859.9048,1.4000,stopped,
optimized,known,belief,100819,173.1390,49.9483,stopped,
optimized,shifted,belief,100836,609.6149,20.9749,stopped,
optimized,missing,belief,100853,833.2922,1.4000,stopped,
optimized,known,belief,100870,179.0969,49.3438,stopped,
optimized,shifted,belief,100887,139.1189,54.8024,completed,
optimized,missing,belief,100904,852.6196,1.4000,stopped,
optimized,known,belief,100921,156.1629,49.3653,stopped,
optimized,shifted,belief,100938,140.9044,55.4719,completed,
optimized,missing,belief,100955,858.6580,1.4000,stopped,
optimized,known,belief,100972,156.1736,55.8086,completed,
optimized,shifted,belief,100989,228.3289,45.0215,stopped,
optimized,missing,belief,101006,876.0608,1.4000,stopped,
optimized,known,belief,101023,132.5145,55.6745,completed,
optimized,shifted,belief,101040,343.2693,39.1969,stopped,
optimized,missing,belief,101057,836.9918,1.4000,stopped,
optimized,known,belief,101074,162.8429,48.9708,stopped,
optimized,shifted,belief,101091,140.3623,55.8955,completed,
optimized,missing,belief,101108,832.2029,1.4000,stopped,
optimized,known,belief,101125,135.1951,54.5893,completed,
optimized,shifted,belief,101142,405.2592,32.6730,stopped,
optimized,missing,belief,101159,854.1099,1.4000,stopped,
optimized,known,belief,101176,267.8886,44.3402,stopped,
optimized,shifted,belief,101193,131.9237,55.2641,completed,
optimized,missing,belief,101210,885.7975,1.4000,stopped,
optimized,known,belief,101227,180.0067,49.2134,stopped,
optimized,shifted,belief,101244,147.9455,54.4694,completed,
optimized,missing,belief,101261,834.4068,1.4000,stopped,
optimized,known,belief,101278,129.7314,53.9530,completed,
optimized,shifted,belief,101295,571.8825,21.0006,stopped,
optimized,missing,belief,101312,850.8158,1.4000,stopped,
optimized,known,belief,101329,180.2988,50.1178,stopped,
optimized,shifted,belief,101346,136.7639,56.0606,completed,
optimized,missing,belief,101363,842.1925,1.4000,stopped,
optimized,known,belief,101380,312.2701,38.5395,stopped,
optimized,shifted,belief,101397,166.9083,50.7748,stopped,
optimized,missing,belief,101414,827.0034,1.4000,stopped,
optimized,known,belief,101431,159.2927,48.5387,completed,
optimized,shifted,belief,101448,275.1103,45.0443,stopped,
optimized,missing,belief,101465,865.6693,1.4000,stopped,
optimized,known,belief,101482,131.4318,54.7231,completed,
optimized,shifted,belief,101499,162.6069,49.7997,stopped,
optimized,missing,belief,101516,871.9538,1.4000,stopped,
optimized,known,belief,101533,165.4561,49.1875,stopped,
optimized,shifted,belief,101550,342.9976,39.1874,stopped,
optimized,missing,belief,101567,841.1870,1.4000,stopped,
optimized,known,belief,101584,137.6255,54.4239,completed,
optimized,shifted,belief,101601,237.8314,45.0395,stopped,
optimized,missing,belief,101618,830.5824,1.4000,stopped,
optimized,known,belief,101635,166.2667,49.5450,stopped,
optimized,shifted,belief,101652,493.2165,26.8338,stopped,
optimized,missing,belief,101669,840.9460,1.4000,stopped,
optimized,known,belief,101686,121.3033,54.3741,completed,
optimized,shifted,belief,101703,128.4135,54.3909,completed,
optimized,missing,belief,101720,858.9405,1.4000,stopped,
optimized,known,belief,101737,134.4431,55.2241,completed,
optimized,shifted,belief,101754,654.3109,14.4284,stopped,
optimized,missing,belief,101771,846.1066,1.4000,stopped,
optimized,known,belief,101788,130.5799,55.7296,completed,
optimized,shifted,belief,101805,162.7897,50.0800,stopped,
optimized,missing,belief,101822,832.3753,1.4000,stopped,
optimized,known,belief,101839,168.4983,49.7014,stopped,
optimized,shifted,belief,101856,526.0855,27.5748,stopped,
optimized,missing,belief,101873,845.1713,1.4000,stopped,
optimized,known,belief,101890,131.2387,54.6820,completed,
optimized,shifted,belief,101907,132.1968,54.4067,completed,
optimized,missing,belief,101924,833.9172,1.4000,stopped,
optimized,known,belief,101941,126.7749,54.4496,completed,
optimized,shifted,belief,101958,695.2715,14.4005,stopped,
optimized,missing,belief,101975,839.8477,1.4000,stopped,
optimized,known,belief,101992,172.1995,50.0806,stopped,
optimized,shifted,belief,102009,274.3636,45.0382,stopped,
optimized,missing,belief,102026,872.9919,1.4000,stopped,
optimized,known,belief,102043,172.8553,50.1548,stopped,
optimized,shifted,belief,102060,243.5632,44.9964,stopped,
optimized,missing,belief,102077,851.6749,1.4000,stopped,
optimized,known,belief,102094,144.0425,54.4890,completed,
optimized,shifted,belief,102111,228.2555,45.0082,stopped,
optimized,missing,belief,102128,864.5635,1.4000,stopped,
optimized,known,belief,102145,149.1750,55.7430,completed,
optimized,shifted,belief,102162,165.2088,49.9996,stopped,
optimized,missing,belief,102179,854.0283,1.4000,stopped,
optimized,known,belief,102196,149.1838,48.9582,stopped,
optimized,shifted,belief,102213,176.0139,50.2751,stopped,
optimized,missing,belief,102230,871.4176,1.4000,stopped,
optimized,known,belief,102247,202.6037,49.4390,stopped,
optimized,shifted,belief,102264,332.7418,39.9248,stopped,
optimized,missing,belief,102281,852.6332,1.4000,stopped,
optimized,known,belief,102298,152.1508,50.1898,stopped,
optimized,shifted,belief,102315,173.6409,50.2744,stopped,
optimized,missing,belief,102332,845.7416,1.4000,stopped,
optimized,known,belief,102349,122.0392,54.6882,completed,
optimized,shifted,belief,102366,326.9605,39.9194,stopped,
optimized,missing,belief,102383,854.1811,1.4000,stopped,
optimized,known,belief,102400,184.5835,50.1749,stopped,
optimized,shifted,belief,102417,332.7088,39.1857,stopped,
optimized,missing,belief,102434,804.8436,1.4000,stopped,
optimized,known,belief,102451,167.7289,49.8937,stopped,
optimized,shifted,belief,102468,140.9803,55.8360,completed,
optimized,missing,belief,102485,822.6844,1.4000,stopped,
optimized,known,belief,102502,133.1010,54.2300,completed,
optimized,shifted,belief,102519,144.9287,54.3962,completed,
optimized,missing,belief,102536,822.9134,1.4000,stopped,
optimized,known,belief,102553,121.2225,54.8940,completed,
optimized,shifted,belief,102570,265.2044,45.0531,stopped,
optimized,missing,belief,102587,851.2787,1.4000,stopped,
optimized,known,belief,102604,123.8279,55.2864,completed,
optimized,shifted,belief,102621,152.6364,55.8105,completed,
optimized,missing,belief,102638,824.8908,1.4000,stopped,
optimized,known,belief,102655,143.8786,55.2620,completed,
optimized,shifted,belief,102672,820.9439,1.4000,stopped,
optimized,missing,belief,102689,846.8864,1.4000,stopped,
optimized,known,belief,102706,145.2566,54.7024,completed,
optimized,shifted,belief,102723,507.1581,26.7953,stopped,
optimized,missing,belief,102740,857.5692,1.4000,stopped,
optimized,known,belief,102757,133.0096,53.8019,completed,
optimized,shifted,belief,102774,264.1346,45.0353,stopped,
optimized,missing,belief,102791,842.7182,1.4000,stopped,
optimized,known,belief,102808,165.8810,49.3710,stopped,
optimized,shifted,belief,102825,120.9586,55.1586,stopped,
optimized,missing,belief,102842,878.5677,1.4000,stopped,
optimized,known,belief,102859,119.8087,55.6328,completed,
optimized,shifted,belief,102876,847.0609,1.4000,stopped,
optimized,missing,belief,102893,832.0999,1.4000,stopped,
optimized,known,belief,102910,334.0969,39.2171,stopped,
optimized,shifted,belief,102927,180.5556,50.2428,stopped,
optimized,missing,belief,102944,844.0331,1.4000,stopped,
optimized,known,belief,102961,126.7714,55.1940,completed,
optimized,shifted,belief,102978,513.2509,26.8081,stopped,
optimized,missing,belief,102995,870.0526,1.4000,stopped,
optimized,known,belief,103012,171.8426,49.8613,stopped,
optimized,shifted,belief,103029,166.9208,50.6681,stopped,
optimized,missing,belief,103046,864.0681,1.4000,stopped,
optimized,known,belief,103063,116.4737,55.8593,completed,
optimized,shifted,belief,103080,237.8930,45.0132,stopped,
optimized,missing,belief,103097,836.0347,1.4000,stopped,
optimized,known,belief,103114,143.0186,55.2758,completed,
optimized,shifted,belief,103131,588.6660,20.9672,stopped,
optimized,missing,belief,103148,846.0979,1.4000,stopped,
optimized,known,belief,103165,177.4969,50.1491,stopped,
optimized,shifted,belief,103182,343.6851,39.1925,stopped,
optimized,missing,belief,103199,860.9698,1.4000,stopped,
optimized,known,belief,103216,180.8005,50.1034,stopped,
optimized,shifted,belief,103233,139.1291,55.6814,completed,
optimized,missing,belief,103250,837.8688,1.4000,stopped,
optimized,known,belief,103267,141.9281,55.3856,completed,
optimized,shifted,belief,103284,161.1092,49.8950,stopped,
optimized,missing,belief,103301,838.1863,1.4000,stopped,
optimized,known,belief,103318,186.0377,50.0191,stopped,
optimized,shifted,belief,103335,407.9632,32.6415,stopped,
optimized,missing,belief,103352,846.2871,1.4000,stopped,
optimized,known,belief,103369,112.0093,55.4277,completed,
optimized,shifted,belief,103386,559.8546,21.6627,stopped,
optimized,missing,belief,103403,849.4038,1.4000,stopped,
optimized,known,belief,103420,167.0696,49.0138,stopped,
optimized,shifted,belief,103437,164.8021,50.0565,stopped,
optimized,missing,belief,103454,845.3612,1.4000,stopped,
optimized,known,belief,103471,132.7029,56.6506,completed,
optimized,shifted,belief,103488,174.1919,50.2781,stopped,
optimized,missing,belief,103505,841.0645,1.4000,stopped,
optimized,known,belief,103522,150.3839,54.6381,completed,
optimized,shifted,belief,103539,644.9899,14.4279,stopped,
optimized,missing,belief,103556,840.0379,1.4000,stopped,
optimized,known,belief,103573,161.7582,55.0714,completed,
optimized,shifted,belief,103590,258.1960,45.0363,stopped,
optimized,missing,belief,103607,823.5644,1.4000,stopped,
optimized,known,belief,103624,157.4751,50.1650,stopped,
optimized,shifted,belief,103641,473.6105,26.8457,stopped,
optimized,missing,belief,103658,900.0367,1.4000,stopped,
optimized,known,belief,103675,134.8288,55.1717,completed,
optimized,shifted,belief,103692,330.7976,39.2149,stopped,
optimized,missing,belief,103709,835.4638,1.4000,stopped,
optimized,known,belief,103726,114.9704,55.0460,completed,
optimized,shifted,belief,103743,675.8109,14.4081,stopped,
optimized,missing,belief,103760,841.8779,1.4000,stopped,
optimized,known,belief,103777,163.3749,49.5441,stopped,
optimized,shifted,belief,103794,658.8387,14.4381,stopped,
optimized,missing,belief,103811,893.8790,1.4000,stopped,
optimized,known,belief,103828,171.6004,50.1284,stopped,
optimized,shifted,belief,103845,147.4286,54.3084,completed,
optimized,missing,belief,103862,833.1513,1.4000,stopped,
optimized,known,belief,103879,200.4680,50.1433,stopped,
optimized,shifted,belief,103896,303.6253,39.2238,stopped,
optimized,missing,belief,103913,885.9946,1.4000,stopped,
optimized,known,belief,103930,189.6306,49.3114,stopped,
optimized,shifted,belief,103947,296.1173,39.2436,stopped,
optimized,missing,belief,103964,851.9450,1.4000,stopped,
optimized,known,belief,103981,129.6167,54.8528,completed,
optimized,shifted,belief,103998,175.9107,50.3528,stopped,
optimized,missing,belief,104015,858.6479,1.4000,stopped,
optimized,known,belief,104032,157.2176,55.0201,completed,
optimized,shifted,belief,104049,570.5071,20.9843,stopped,
optimized,missing,belief,104066,872.9287,1.4000,stopped,
optimized,known,belief,104083,171.3592,49.9345,stopped,
optimized,shifted,belief,104100,254.1445,46.4116,stopped,
optimized,missing,belief,104117,887.3660,1.4000,stopped,
optimized,known,belief,104134,888.8442,1.4000,stopped,
optimized,shifted,belief,104151,155.7924,49.7074,completed,
optimized,missing,belief,104168,874.4589,1.4000,stopped,
optimized,known,belief,104185,128.6994,55.6342,completed,
optimized,shifted,belief,104202,233.8302,45.0250,stopped,
optimized,missing,belief,104219,848.1437,1.4000,stopped,
optimized,known,belief,104236,189.5523,49.3371,stopped,
optimized,shifted,belief,104253,830.1741,1.4000,stopped,
optimized,missing,belief,104270,812.4289,1.4000,stopped,
optimized,known,belief,104287,129.8514,54.3293,completed,
optimized,shifted,belief,104304,145.4599,54.9479,completed,
optimized,missing,belief,104321,863.3293,1.4000,stopped,
optimized,known,belief,104338,165.3311,49.3152,stopped,
optimized,shifted,belief,104355,191.1674,50.0907,stopped,
optimized,missing,belief,104372,829.8918,1.4000,stopped,
optimized,known,belief,104389,136.6944,54.9029,completed,
optimized,shifted,belief,104406,326.2788,39.2053,stopped,
optimized,missing,belief,104423,884.0888,1.4000,stopped,
optimized,known,belief,104440,171.5009,50.1470,stopped,
optimized,shifted,belief,104457,300.6732,39.2230,stopped,
optimized,missing,belief,104474,837.8463,1.4000,stopped,
optimized,known,belief,104491,167.1767,50.1965,stopped,
optimized,shifted,belief,104508,594.1430,20.9762,stopped,
optimized,missing,belief,104525,840.0807,1.4000,stopped,
optimized,known,belief,104542,162.9008,49.8138,completed,
optimized,shifted,belief,104559,115.4127,55.1760,completed,
optimized,missing,belief,104576,869.4676,1.4000,stopped,
optimized,known,belief,104593,123.5185,54.9915,completed,
optimized,shifted,belief,104610,503.4292,26.8006,stopped,
optimized,missing,belief,104627,850.0866,1.4000,stopped,
optimized,known,belief,104644,169.6097,50.0306,stopped,
optimized,shifted,belief,104661,170.1627,50.0009,stopped,
optimized,missing,belief,104678,842.8003,1.4000,stopped,
optimized,known,belief,104695,170.5412,49.4389,stopped,
optimized,shifted,belief,104712,543.2948,26.7843,stopped,
optimized,missing,belief,104729,832.4657,1.4000,stopped,
optimized,known,belief,104746,173.7756,50.0613,stopped,
optimized,shifted,belief,104763,851.9491,1.4000,stopped,
optimized,missing,belief,104780,854.4764,1.4000,stopped,
optimized,known,belief,104797,126.1131,54.8872,completed,
optimized,shifted,belief,104814,165.3379,50.1084,stopped,
optimized,missing,belief,104831,840.9652,1.4000,stopped,
optimized,known,belief,104848,135.5550,54.0669,completed,
optimized,shifted,belief,104865,247.6751,45.0503,stopped,
optimized,missing,belief,104882,858.1398,1.4000,stopped,
optimized,known,belief,104899,184.4320,50.1170,stopped,
optimized,shifted,belief,104916,344.5238,39.2168,stopped,
optimized,missing,belief,104933,849.8846,1.4000,stopped,
optimized,known,belief,104950,130.0717,55.4681,completed,
optimized,shifted,belief,104967,839.3208,1.4000,stopped,
optimized,missing,belief,104984,819.1825,1.4000,stopped,
optimized,known,belief,105001,176.6701,50.1416,stopped,
optimized,shifted,belief,105018,182.8057,50.7508,stopped,
optimized,missing,belief,105035,855.8399,1.4000,stopped,
optimized,known,belief,105052,136.0656,55.6463,completed,
optimized,shifted,belief,105069,162.4102,50.7054,stopped,
optimized,missing,belief,105086,814.1220,1.4000,stopped,
optimized,known,belief,105103,170.5273,50.0030,stopped,
optimized,shifted,belief,105120,146.5372,55.4897,completed,
optimized,missing,belief,105137,845.4650,1.4000,stopped,
optimized,known,belief,105154,135.5443,55.1479,completed,
optimized,shifted,belief,105171,183.2016,49.7507,stopped,
optimized,missing,belief,105188,841.5436,1.4000,stopped,
optimized,known,belief,105205,171.9766,50.0565,stopped,
optimized,shifted,belief,105222,123.8771,54.9371,completed,
optimized,missing,belief,105239,845.8970,1.4000,stopped,
optimized,known,belief,105256,173.5950,50.0421,stopped,
optimized,shifted,belief,105273,115.0063,54.5510,completed,
optimized,missing,belief,105290,822.4828,1.4000,stopped,
optimized,known,belief,105307,130.4910,54.3806,completed,
optimized,shifted,belief,105324,855.3086,1.4000,stopped,
optimized,missing,belief,105341,857.1477,1.4000,stopped,
optimized,known,belief,105358,163.3231,49.9610,stopped,
optimized,shifted,belief,105375,161.2486,49.5068,stopped,
optimized,missing,belief,105392,858.5730,1.4000,stopped,
optimized,known,belief,105409,122.5608,54.5549,completed,
optimized,shifted,belief,105426,186.9297,49.9619,stopped,
optimized,missing,belief,105443,832.7281,1.4000,stopped,
optimized,known,belief,105460,175.3804,49.3258,stopped,
optimized,shifted,belief,105477,417.9268,32.6422,stopped,
optimized,missing,belief,105494,873.0281,1.4000,stopped,
optimized,known,belief,105511,167.1401,48.4194,completed,
optimized,shifted,belief,105528,140.4882,55.7083,completed,
optimized,missing,belief,105545,849.1069,1.4000,stopped,
optimized,known,belief,105562,172.7899,49.4113,stopped,
optimized,shifted,belief,105579,161.8272,50.0778,stopped,
optimized,missing,belief,105596,827.0455,1.4000,stopped,
optimized,known,belief,105613,152.0203,55.3485,completed,
optimized,shifted,belief,105630,609.8314,20.9642,stopped,
optimized,missing,belief,105647,831.1157,1.4000,stopped,
optimized,known,belief,105664,190.4195,49.9432,stopped,
optimized,shifted,belief,105681,124.9058,55.4605,completed,
optimized,missing,belief,105698,815.8548,1.4000,stopped,
optimized,known,belief,105715,147.3066,54.7876,completed,
optimized,shifted,belief,105732,251.9508,44.9889,stopped,
optimized,missing,belief,105749,892.8410,1.4000,stopped,
optimized,known,belief,105766,129.1892,55.1079,completed,
optimized,shifted,belief,105783,851.5145,1.4000,stopped,
optimized,missing,belief,105800,892.1633,1.4000,stopped,
optimized,known,belief,105817,148.2357,55.0402,completed,
optimized,shifted,belief,105834,343.6882,39.1951,stopped,
optimized,missing,belief,105851,824.1114,1.4000,stopped,
optimized,known,belief,105868,141.5936,55.4235,completed,
optimized,shifted,belief,105885,267.2301,45.0557,stopped,
optimized,missing,belief,105902,856.3108,1.4000,stopped,
optimized,known,belief,105919,127.1527,54.0235,completed,
optimized,shifted,belief,105936,172.0299,49.6457,stopped,
optimized,missing,belief,105953,869.3192,1.4000,stopped,
optimized,known,belief,105970,172.4244,49.2287,stopped,
optimized,shifted,belief,105987,129.4614,55.4493,completed,
optimized,missing,belief,106004,882.6763,1.4000,stopped,
optimized,known,belief,106021,166.1123,50.1160,stopped,
optimized,shifted,belief,106038,112.4334,55.0328,completed,
optimized,missing,belief,106055,830.3999,1.4000,stopped,
optimized,known,belief,106072,139.5742,54.3114,completed,
optimized,shifted,belief,106089,857.3486,1.4000,stopped,
optimized,missing,belief,106106,881.0008,1.4000,stopped,
optimized,known,belief,106123,173.5196,50.0959,stopped,
optimized,shifted,belief,106140,567.7437,20.9770,stopped,
optimized,missing,belief,106157,839.5017,1.4000,stopped,
optimized,known,belief,106174,138.9828,54.0982,completed,
optimized,shifted,belief,106191,327.7082,39.2171,stopped,
optimized,missing,belief,106208,843.0558,1.4000,stopped,
optimized,known,belief,106225,151.2024,49.7905,stopped,
optimized,shifted,belief,106242,587.3282,22.3835,stopped,
optimized,missing,belief,106259,869.0892,1.4000,stopped,
optimized,known,belief,106276,148.5673,55.5957,completed,
optimized,shifted,belief,106293,206.4325,50.1453,stopped,
optimized,missing,belief,106310,849.7368,1.4000,stopped,
optimized,known,belief,106327,119.8796,55.0508,completed,
optimized,shifted,belief,106344,410.9233,33.3458,stopped,
optimized,missing,belief,106361,825.7029,1.4000,stopped,
optimized,known,belief,106378,125.4647,55.5286,completed,
optimized,shifted,belief,106395,133.0537,55.1102,completed,
optimized,missing,belief,106412,876.9963,1.4000,stopped,
optimized,known,belief,106429,127.5705,54.6866,completed,
optimized,shifted,belief,106446,128.0160,55.4756,completed,
optimized,missing,belief,106463,834.2532,1.4000,stopped,
optimized,known,belief,106480,148.0166,55.3365,completed,
optimized,shifted,belief,106497,408.1180,32.6756,stopped,
optimized,missing,belief,106514,842.2233,1.4000,stopped,
optimized,known,belief,106531,177.3340,50.0942,stopped,
optimized,shifted,belief,106548,183.3238,50.2911,stopped,
optimized,missing,belief,106565,861.6737,1.4000,stopped,
optimized,known,belief,106582,334.4164,39.2076,stopped,
optimized,shifted,belief,106599,159.7775,50.0525,stopped,
optimized,missing,belief,106616,836.7705,1.4000,stopped,
optimized,known,belief,106633,137.2423,54.7885,completed,
optimized,shifted,belief,106650,521.7768,26.7829,stopped,
optimized,missing,belief,106667,861.1629,1.4000,stopped,
optimized,known,belief,106684,129.0067,54.4613,completed,
optimized,shifted,belief,106701,174.2157,50.1555,stopped,
optimized,missing,belief,106718,846.0938,1.4000,stopped,
optimized,known,belief,106735,186.8933,49.4885,stopped,
optimized,shifted,belief,106752,854.2011,1.4000,stopped,
optimized,missing,belief,106769,840.9948,1.4000,stopped,
optimized,known,belief,106786,168.2477,50.0020,stopped,
optimized,shifted,belief,106803,133.2657,55.9219,completed,
optimized,missing,belief,106820,811.2428,1.4000,stopped,
optimized,known,belief,106837,133.9927,55.0485,completed,
optimized,shifted,belief,106854,158.5165,50.9628,stopped,
optimized,missing,belief,106871,853.9644,1.4000,stopped,
optimized,known,belief,106888,159.8080,50.1514,stopped,
optimized,shifted,belief,106905,170.7635,49.9330,stopped,
optimized,missing,belief,106922,828.6078,1.4000,stopped,
optimized,known,belief,106939,181.8269,49.3172,stopped,
optimized,shifted,belief,106956,830.7394,1.4000,stopped,
optimized,missing,belief,106973,874.5593,1.4000,stopped,
optimized,known,belief,106990,128.2781,54.4180,completed,
optimized,shifted,belief,107007,139.5487,54.0453,completed,
optimized,missing,belief,107024,841.4459,1.4000,stopped,
optimized,known,belief,107041,168.3942,50.1042,stopped,
optimized,shifted,belief,107058,823.9247,1.4000,stopped,
optimized,missing,belief,107075,854.0182,1.4000,stopped,
optimized,known,belief,107092,163.9619,50.0259,stopped,
optimized,shifted,belief,107109,112.5952,55.1473,completed,
optimized,missing,belief,107126,844.9950,1.4000,stopped,
optimized,known,belief,107143,181.7433,49.4565,stopped,
optimized,shifted,belief,107160,840.2665,1.4000,stopped,
optimized,missing,belief,107177,829.0350,1.4000,stopped,
optimized,known,belief,107194,135.1151,55.0497,completed,
optimized,shifted,belief,107211,848.7814,1.4000,stopped,
optimized,missing,belief,107228,879.1468,1.4000,stopped,
optimized,known,belief,107245,171.7192,49.8596,stopped,
optimized,shifted,belief,107262,255.3013,45.0327,stopped,
optimized,missing,belief,107279,853.1058,1.4000,stopped,
optimized,known,belief,107296,185.9800,49.9261,stopped,
optimized,shifted,belief,107313,663.5653,14.4244,stopped,
optimized,missing,belief,107330,830.1260,1.4000,stopped,
optimized,known,belief,107347,135.1910,55.3060,completed,
optimized,shifted,belief,107364,107.1690,54.5507,completed,
optimized,missing,belief,107381,859.6468,1.4000,stopped,
optimized,known,belief,107398,129.6666,55.2955,completed,
optimized,shifted,belief,107415,338.4744,39.1999,stopped,
optimized,missing,belief,107432,889.2994,1.4000,stopped,
optimized,known,belief,107449,157.1789,49.7194,stopped,
optimized,shifted,belief,107466,241.1958,45.0425,stopped,
optimized,missing,belief,107483,861.0315,1.4000,stopped,
optimized,known,belief,107500,176.3262,49.4373,stopped,
optimized,shifted,belief,107517,253.6988,45.0500,stopped,
optimized,missing,belief,107534,851.7258,1.4000,stopped,
optimized,known,belief,107551,179.4359,49.8264,stopped,
optimized,shifted,belief,107568,599.9857,20.9630,stopped,
optimized,missing,belief,107585,838.0716,1.4000,stopped,
optimized,known,belief,107602,159.4863,50.1207,stopped,
optimized,shifted,belief,107619,135.0792,56.1432,completed,
optimized,missing,belief,107636,844.3086,1.4000,stopped,
optimized,known,belief,107653,201.5525,50.1351,stopped,
optimized,shifted,belief,107670,411.0200,33.3337,stopped,
optimized,missing,belief,107687,840.6914,1.4000,stopped,
optimized,known,belief,107704,165.1985,49.6387,stopped,
optimized,shifted,belief,107721,178.0784,50.2836,stopped,
optimized,missing,belief,107738,847.9964,1.4000,stopped,
optimized,known,belief,107755,194.1370,50.1429,stopped,
optimized,shifted,belief,107772,312.7011,39.2351,stopped,
optimized,missing,belief,107789,891.5534,1.4000,stopped,
optimized,known,belief,107806,160.6144,50.0377,stopped,
optimized,shifted,belief,107823,591.0511,20.9614,stopped,
optimized,missing,belief,107840,862.6395,1.4000,stopped,
optimized,known,belief,107857,177.3530,50.1451,stopped,
optimized,shifted,belief,107874,169.0367,50.1786,stopped,
optimized,missing,belief,107891,842.3968,1.4000,stopped,
optimized,known,belief,107908,170.1112,49.4645,stopped,
optimized,shifted,belief,107925,402.1528,33.3954,stopped,
optimized,missing,belief,107942,836.3653,1.4000,stopped,
optimized,known,belief,107959,159.9827,49.8755,stopped,
optimized,shifted,belief,107976,597.7305,20.9748,stopped,
optimized,missing,belief,107993,802.1939,1.4000,stopped,
optimized,known,belief,108010,132.7219,54.8291,completed,
optimized,shifted,belief,108027,155.0949,51.1847,violated,pellet-envelope
optimized,missing,belief,108044,891.3186,1.4000,stopped,
optimized,known,belief,108061,142.2024,54.3825,completed,
optimized,shifted,belief,108078,184.7913,48.6675,completed,
optimized,missing,belief,108095,851.7029,1.4000,stopped,
optimized,known,belief,108112,167.2406,49.9468,stopped,
optimized,shifted,belief,108129,350.0719,39.1957,stopped,
optimized,missing,belief,108146,864.7304,1.4000,stopped,
optimized,known,belief,108163,171.5944,49.5221,stopped,
optimized,shifted,belief,108180,370.3639,39.1945,stopped,
optimized,missing,belief,108197,877.2973,1.4000,stopped,
optimized,known,belief,108214,124.5423,54.3842,completed,
optimized,shifted,belief,108231,769.3399,8.5708,stopped,
optimized,missing,belief,108248,829.0337,1.4000,stopped,
optimized,known,belief,108265,166.1376,49.9630,stopped,
optimized,shifted,belief,108282,800.3748,8.5476,stopped,
optimized,missing,belief,108299,872.9610,1.4000,stopped,
optimized,known,belief,108316,178.0359,50.8780,stopped,
optimized,shifted,belief,108333,670.9436,14.4197,stopped,
optimized,missing,belief,108350,834.1953,1.4000,stopped,
optimized,known,belief,108367,138.1310,54.7986,completed,
optimized,shifted,belief,108384,144.0169,50.0226,stopped,
optimized,missing,belief,108401,853.8017,1.4000,stopped,
optimized,known,belief,108418,133.7107,54.2551,completed,
optimized,shifted,belief,108435,125.6018,55.7754,completed,
optimized,missing,belief,108452,857.2421,1.4000,stopped,
optimized,known,belief,108469,128.7435,54.5303,completed,
optimized,shifted,belief,108486,745.4184,8.6224,stopped,
optimized,missing,belief,108503,857.0712,1.4000,stopped,
optimized,known,belief,108520,159.7846,49.9539,stopped,
optimized,shifted,belief,108537,259.9182,45.0585,stopped,
optimized,missing,belief,108554,873.8156,1.4000,stopped,
optimized,known,belief,108571,167.7423,49.4763,stopped,
optimized,shifted,belief,108588,542.4746,26.7840,stopped,
optimized,missing,belief,108605,854.4957,1.4000,stopped,
optimized,known,belief,108622,170.8122,49.1180,completed,
optimized,shifted,belief,108639,133.4644,54.5149,completed,
optimized,missing,belief,108656,855.2787,1.4000,stopped,
optimized,known,belief,108673,171.9133,50.1464,stopped,
optimized,shifted,belief,108690,236.3676,45.0439,stopped,
baseline,known,oracle,100003,149.8368,48.0712,completed,
baseline,shifted,oracle,100020,150.3804,48.4045,completed,
baseline,missing,oracle,100037,150.4003,48.8891,completed,
baseline,known,oracle,100054,150.3479,48.3612,completed,
baseline,shifted,oracle,100071,149.3538,49.3370,completed,
baseline,missing,oracle,100088,149.7209,49.4865,completed,
baseline,known,oracle,100105,147.8027,45.4239,completed,
baseline,shifted,oracle,100122,150.0327,48.4475,completed,
baseline,missing,oracle,100139,149.4171,50.8989,completed,
baseline,known,oracle,100156,150.6880,49.2702,completed,
baseline,shifted,oracle,100173,161.5806,46.1672,completed,
baseline,missing,oracle,100190,150.2196,48.5363,completed,
baseline,known,oracle,100207,149.9631,49.7986,completed,
baseline,shifted,oracle,100224,150.9688,49.3390,completed,
baseline,missing,oracle,100241,149.7084,49.6020,completed,
baseline,known,oracle,100258,150.3670,49.5742,completed,
baseline,shifted,oracle,100275,150.0873,49.4038,completed,
baseline,missing,oracle,100292,149.3417,50.5115,completed,
baseline,known,oracle,100309,150.0473,48.6024,completed,
baseline,shifted,oracle,100326,150.2299,48.4053,completed,
baseline,missing,oracle,100343,150.0715,49.4596,completed,
baseline,known,oracle,100360,150.0878,48.1196,completed,
baseline,shifted,oracle,100377,156.9110,46.0696,completed,
baseline,missing,oracle,100394,150.1020,48.7323,completed,
baseline,known,oracle,100411,149.7734,48.1986,completed,
baseline,shifted,oracle,100428,149.5461,49.1812,completed,
baseline,missing,oracle,100445,149.8741,50.4781,completed,
baseline,known,oracle,100462,150.0647,48.4059,completed,
baseline,shifted,oracle,100479,149.8414,48.7463,completed,
baseline,missing,oracle,100496,150.0542,50.3873,completed,
baseline,known,oracle,100513,149.9755,49.3348,completed,
baseline,shifted,oracle,100530,148.7882,48.6009,completed,
baseline,missing,oracle,100547,149.6303,49.1051,completed,
baseline,known,oracle,100564,150.2853,48.9588,completed,
baseline,shifted,oracle,100581,150.0002,48.3929,completed,
baseline,missing,oracle,100598,151.0266,51.8117,completed,
baseline,known,oracle,100615,149.7012,49.3841,completed,
baseline,shifted,oracle,100632,150.2903,48.0031,completed,
baseline,missing,oracle,100649,153.5126,46.0581,completed,
baseline,known,oracle,100666,150.3998,50.0093,completed,
baseline,shifted,oracle,100683,150.3367,46.0023,completed,
baseline,missing,oracle,100700,149.1208,50.7534,completed,
baseline,known,oracle,100717,150.6020,49.8871,completed,
baseline,shifted,oracle,100734,150.2888,48.4621,completed,
baseline,missing,oracle,100751,149.9415,48.0428,completed,
baseline,known,oracle,100768,151.2099,50.0375,completed,
baseline,shifted,oracle,100785,149.7020,49.1436,completed,
baseline,missing,oracle,100802,149.9468,49.7266,completed,
baseline,known,oracle,100819,150.4282,48.5098,completed,
baseline,shifted,oracle,100836,149.6357,50.0452,completed,
baseline,missing,oracle,100853,156.3692,46.0708,completed,
baseline,known,oracle,100870,149.6661,49.0392,completed,
baseline,shifted,oracle,100887,151.1000,49.6240,completed,
baseline,missing,oracle,100904,149.6827,49.2823,completed,
baseline,known,oracle,100921,159.1623,46.1265,completed,
baseline,shifted,oracle,100938,149.3902,50.5069,completed,
baseline,missing,oracle,100955,149.1920,49.3289,completed,
baseline,known,oracle,100972,148.6104,51.8029,completed,
baseline,shifted,oracle,100989,160.1853,46.1726,completed,
baseline,missing,oracle,101006,149.3613,50.5245,completed,
baseline,known,oracle,101023,149.2545,50.3573,completed,
baseline,shifted,oracle,101040,150.2027,49.5416,completed,
baseline,missing,oracle,101057,149.8084,48.3714,completed,
baseline,known,oracle,101074,157.7788,46.1281,completed,
baseline,shifted,oracle,101091,150.1514,50.8836,completed,
baseline,missing,oracle,101108,149.9277,48.1011,completed,
baseline,known,oracle,101125,150.7527,49.2268,completed,
baseline,shifted,oracle,101142,150.0600,48.1705,completed,
baseline,missing,oracle,101159,150.2719,49.3836,completed,
baseline,known,oracle,101176,149.7052,50.0193,completed,
baseline,shifted,oracle,101193,149.3572,49.7784,completed,
baseline,missing,oracle,101210,148.6301,50.7827,completed,
baseline,known,oracle,101227,150.5912,48.8120,completed,
baseline,shifted,oracle,101244,150.1791,49.8380,completed,
baseline,missing,oracle,101261,156.9275,46.1364,completed,
baseline,known,oracle,101278,149.8004,49.1266,completed,
baseline,shifted,oracle,101295,160.3443,46.1656,completed,
baseline,missing,oracle,101312,149.8361,48.9766,completed,
baseline,known,oracle,101329,150.2255,49.1273,completed,
baseline,shifted,oracle,101346,148.0357,51.0277,completed,
baseline,missing,oracle,101363,150.0420,48.4804,completed,
baseline,known,oracle,101380,157.8251,46.1185,completed,
baseline,shifted,oracle,101397,149.8562,48.3992,completed,
baseline,missing,oracle,101414,159.2490,46.1603,completed,
baseline,known,oracle,101431,151.4667,45.9416,completed,
baseline,shifted,oracle,101448,149.7874,50.4373,completed,
baseline,missing,oracle,101465,149.8540,50.0401,completed,
baseline,known,oracle,101482,149.2114,49.3266,completed,
baseline,shifted,oracle,101499,161.0006,46.1215,completed,
baseline,missing,oracle,101516,148.4091,50.2179,completed,
baseline,known,oracle,101533,153.4023,46.0214,completed,
baseline,shifted,oracle,101550,150.8038,49.4694,completed,
baseline,missing,oracle,101567,150.0249,48.9061,completed,
baseline,known,oracle,101584,149.9217,49.3079,completed,
baseline,shifted,oracle,101601,150.1310,48.3142,completed,
baseline,missing,oracle,101618,149.8893,48.1471,completed,
baseline,known,oracle,101635,157.6770,46.1025,completed,
baseline,shifted,oracle,101652,149.6702,48.4085,completed,
baseline,missing,oracle,101669,149.3107,48.3126,completed,
baseline,known,oracle,101686,149.5371,48.4713,completed,
baseline,shifted,oracle,101703,150.3664,48.6860,completed,
baseline,missing,oracle,101720,149.3777,49.3190,completed,
baseline,known,oracle,101737,148.7508,50.1121,completed,
baseline,shifted,oracle,101754,159.7958,46.1409,completed,
baseline,missing,oracle,101771,150.2042,48.3502,completed,
baseline,known,oracle,101788,150.2181,50.1847,completed,
baseline,shifted,oracle,101805,150.2327,48.0626,completed,
baseline,missing,oracle,101822,159.2094,46.1492,completed,
baseline,known,oracle,101839,150.1119,47.9520,completed,
baseline,shifted,oracle,101856,149.7921,50.2856,completed,
baseline,missing,oracle,101873,150.3381,48.5998,completed,
baseline,known,oracle,101890,149.6970,49.2211,completed,
baseline,shifted,oracle,101907,149.4754,49.1650,completed,
baseline,missing,oracle,101924,149.9386,48.1630,completed,
baseline,known,oracle,101941,149.9990,48.6662,completed,
baseline,shifted,oracle,101958,150.2076,49.8533,completed,
baseline,missing,oracle,101975,150.5304,48.1588,completed,
baseline,known,oracle,101992,150.6373,48.5041,completed,
baseline,shifted,oracle,102009,150.4937,50.3748,completed,
baseline,missing,oracle,102026,150.7998,49.8482,completed,
baseline,known,oracle,102043,150.3039,48.6660,completed,
baseline,shifted,oracle,102060,149.7566,48.5793,completed,
baseline,missing,oracle,102077,150.4303,49.1487,completed,
baseline,known,oracle,102094,151.4044,50.1603,completed,
baseline,shifted,oracle,102111,159.4877,46.1004,completed,
baseline,missing,oracle,102128,150.2457,49.8360,completed,
baseline,known,oracle,102145,150.5618,51.0432,completed,
baseline,shifted,oracle,102162,149.8027,48.2297,completed,
baseline,missing,oracle,102179,150.4355,49.1148,completed,
baseline,known,oracle,102196,152.5932,45.6348,completed,
baseline,shifted,oracle,102213,149.5152,49.1222,completed,
baseline,missing,oracle,102230,149.8957,49.7586,completed,
baseline,known,oracle,102247,151.3923,50.2727,completed,
baseline,shifted,oracle,102264,150.2334,48.9018,completed,
baseline,missing,oracle,102281,149.9472,49.5282,completed,
baseline,known,oracle,102298,157.1015,46.0955,completed,
baseline,shifted,oracle,102315,150.3912,48.8100,completed,
baseline,missing,oracle,102332,149.1893,49.1022,completed,
baseline,known,oracle,102349,150.0566,48.7033,completed,
baseline,shifted,oracle,102366,150.0286,48.4107,completed,
baseline,missing,oracle,102383,150.3049,49.2425,completed,
baseline,known,oracle,102400,150.1872,49.4469,completed,
baseline,shifted,oracle,102417,150.2542,48.9540,completed,
baseline,missing,oracle,102434,150.9254,45.3701,completed,
baseline,known,oracle,102451,150.1517,48.1998,completed,
baseline,shifted,oracle,102468,149.9946,50.8546,completed,
baseline,missing,oracle,102485,149.9913,48.0205,completed,
baseline,known,oracle,102502,150.4459,49.4636,completed,
baseline,shifted,oracle,102519,149.0499,49.7218,completed,
baseline,missing,oracle,102536,149.9399,48.1711,completed,
baseline,known,oracle,102553,149.6878,48.7311,completed,
baseline,shifted,oracle,102570,149.9237,49.8480,completed,
baseline,missing,oracle,102587,149.1644,49.1378,completed,
baseline,known,oracle,102604,149.8998,49.4152,completed,
baseline,shifted,oracle,102621,149.8938,51.4711,completed,
baseline,missing,oracle,102638,155.9058,46.0906,completed,
baseline,known,oracle,102655,149.2464,50.5126,completed,
baseline,shifted,oracle,102672,151.8624,45.9859,completed,
baseline,missing,oracle,102689,149.8079,48.8275,completed,
baseline,known,oracle,102706,147.5628,50.2158,completed,
baseline,shifted,oracle,102723,151.0320,49.0282,completed,
baseline,missing,oracle,102740,150.1791,48.9358,completed,
baseline,known,oracle,102757,149.8585,49.1227,completed,
baseline,shifted,oracle,102774,149.7741,49.8283,completed,
baseline,missing,oracle,102791,150.0624,48.4557,completed,
baseline,known,oracle,102808,150.0917,48.2965,completed,
baseline,shifted,oracle,102825,149.8650,49.0172,completed,
baseline,missing,oracle,102842,149.7184,50.5167,completed,
baseline,known,oracle,102859,149.5905,49.4997,completed,
baseline,shifted,oracle,102876,150.8862,49.0244,completed,
baseline,missing,oracle,102893,149.7638,48.3498,completed,
baseline,known,oracle,102910,149.9131,49.1843,completed,
baseline,shifted,oracle,102927,150.7878,49.1648,completed,
baseline,missing,oracle,102944,149.9300,48.6429,completed,
baseline,known,oracle,102961,150.4885,49.4472,completed,
baseline,shifted,oracle,102978,150.3646,49.2475,completed,
baseline,missing,oracle,102995,150.4989,49.9080,completed,
baseline,known,oracle,103012,149.3946,48.5281,completed,
baseline,shifted,oracle,103029,149.8309,48.2651,completed,
baseline,missing,oracle,103046,150.5005,49.7653,completed,
baseline,known,oracle,103063,150.4957,48.7409,completed,
baseline,shifted,oracle,103080,149.8135,48.3184,completed,
baseline,missing,oracle,103097,150.1027,48.2695,completed,
baseline,known,oracle,103114,151.4884,50.3754,completed,
baseline,shifted,oracle,103131,150.4778,48.7625,completed,
baseline,missing,oracle,103148,149.7539,48.5428,completed,
baseline,known,oracle,103165,149.3673,49.0666,completed,
baseline,shifted,oracle,103182,148.8798,49.5560,completed,
baseline,missing,oracle,103199,150.0997,49.7481,completed,
baseline,known,oracle,103216,149.3962,49.1864,completed,
baseline,shifted,oracle,103233,150.2105,50.7024,completed,
baseline,missing,oracle,103250,150.1398,48.6156,completed,
baseline,known,oracle,103267,151.0818,50.4177,completed,
baseline,shifted,oracle,103284,159.7078,46.1431,completed,
baseline,missing,oracle,103301,149.7025,48.6087,completed,
baseline,known,oracle,103318,150.6161,49.2947,completed,
baseline,shifted,oracle,103335,160.2679,46.1775,completed,
baseline,missing,oracle,103352,149.5184,48.7773,completed,
baseline,known,oracle,103369,150.6723,48.7426,completed,
baseline,shifted,oracle,103386,150.9461,45.9619,completed,
baseline,missing,oracle,103403,150.2088,49.0548,completed,
baseline,known,oracle,103420,149.9443,47.9658,completed,
baseline,shifted,oracle,103437,149.9164,48.2335,completed,
baseline,missing,oracle,103454,149.1911,48.9608,completed,
baseline,known,oracle,103471,150.2319,49.6835,completed,
baseline,shifted,oracle,103488,149.4235,49.0246,completed,
baseline,missing,oracle,103505,150.0281,48.8741,completed,
baseline,known,oracle,103522,150.4507,50.1392,completed,
baseline,shifted,oracle,103539,149.1406,45.7977,completed,
baseline,missing,oracle,103556,149.9411,48.7315,completed,
baseline,known,oracle,103573,150.5268,51.9396,completed,
baseline,shifted,oracle,103590,151.0692,49.4431,completed,
baseline,missing,oracle,103607,156.9854,46.0949,completed,
baseline,known,oracle,103624,161.7239,46.1486,completed,
baseline,shifted,oracle,103641,151.6595,45.9880,completed,
baseline,missing,oracle,103658,151.8481,51.8203,completed,
baseline,known,oracle,103675,148.9655,49.8955,completed,
baseline,shifted,oracle,103692,149.6639,48.7140,completed,
baseline,missing,oracle,103709,149.7252,48.0292,completed,
baseline,known,oracle,103726,149.6944,48.6859,completed,
baseline,shifted,oracle,103743,149.9433,49.1001,completed,
baseline,missing,oracle,103760,149.9301,48.8813,completed,
baseline,known,oracle,103777,156.0231,46.0763,completed,
baseline,shifted,oracle,103794,149.4933,47.9793,completed,
baseline,missing,oracle,103811,149.7660,51.8970,completed,
baseline,known,oracle,103828,149.8328,48.6767,completed,
baseline,shifted,oracle,103845,149.4907,49.7558,completed,
baseline,missing,oracle,103862,150.0522,48.4284,completed,
baseline,known,oracle,103879,150.7025,50.1897,completed,
baseline,shifted,oracle,103896,153.6824,46.0046,completed,
baseline,missing,oracle,103913,150.5497,50.8441,completed,
baseline,known,oracle,103930,149.1530,49.5990,completed,
baseline,shifted,oracle,103947,150.2377,45.7199,completed,
baseline,missing,oracle,103964,151.0426,49.0356,completed,
baseline,known,oracle,103981,150.9233,49.2100,completed,
baseline,shifted,oracle,103998,150.4959,49.0678,completed,
baseline,missing,oracle,104015,150.0413,49.3736,completed,
baseline,known,oracle,104032,152.0735,51.4690,completed,
baseline,shifted,oracle,104049,149.9252,48.0456,completed,
baseline,missing,oracle,104066,149.0023,50.4790,completed,
baseline,known,oracle,104083,149.8757,48.4687,completed,
baseline,shifted,oracle,104100,149.2511,49.2053,completed,
baseline,missing,oracle,104117,148.6717,50.8501,completed,
baseline,known,oracle,104134,150.5085,50.9575,completed,
baseline,shifted,oracle,104151,153.5771,46.0815,completed,
baseline,missing,oracle,104168,151.4993,49.9958,completed,
baseline,known,oracle,104185,149.3327,49.9331,completed,
baseline,shifted,oracle,104202,149.9393,48.0994,completed,
baseline,missing,oracle,104219,149.8693,49.0775,completed,
baseline,known,oracle,104236,149.8379,49.5288,completed,
baseline,shifted,oracle,104253,150.0189,48.0578,completed,
baseline,missing,oracle,104270,150.3446,45.9519,completed,
baseline,known,oracle,104287,149.2636,48.8864,completed,
baseline,shifted,oracle,104304,150.1394,50.1786,completed,
baseline,missing,oracle,104321,149.6540,49.4170,completed,
baseline,known,oracle,104338,149.7138,48.3015,completed,
baseline,shifted,oracle,104355,149.1319,49.7934,completed,
baseline,missing,oracle,104372,157.8469,46.1052,completed,
baseline,known,oracle,104389,149.9521,49.6563,completed,
baseline,shifted,oracle,104406,150.2433,48.3338,completed,
baseline,missing,oracle,104423,150.0060,50.7812,completed,
baseline,known,oracle,104440,150.3384,48.6402,completed,
baseline,shifted,oracle,104457,149.5866,45.9479,completed,
baseline,missing,oracle,104474,149.2415,48.7069,completed,
baseline,known,oracle,104491,149.6151,48.4859,completed,
baseline,shifted,oracle,104508,150.0338,49.1115,completed,
baseline,missing,oracle,104525,149.6917,48.9991,completed,
baseline,known,oracle,104542,159.6078,46.1308,completed,
baseline,shifted,oracle,104559,150.0224,48.8358,completed,
baseline,missing,oracle,104576,150.6227,50.4774,completed,
baseline,known,oracle,104593,150.1234,49.0562,completed,
baseline,shifted,oracle,104610,150.1162,48.7455,completed,
baseline,missing,oracle,104627,149.6087,48.8368,completed,
baseline,known,oracle,104644,149.8042,48.4401,completed,
baseline,shifted,oracle,104661,150.2111,48.4289,completed,
baseline,missing,oracle,104678,150.1736,48.4899,completed,
baseline,known,oracle,104695,150.2821,48.5484,completed,
baseline,shifted,oracle,104712,149.8315,50.8986,completed,
baseline,missing,oracle,104729,150.1937,48.2325,completed,
baseline,known,oracle,104746,150.1353,48.6948,completed,
baseline,shifted,oracle,104763,150.0870,49.0718,completed,
baseline,missing,oracle,104780,150.5077,49.2452,completed,
baseline,known,oracle,104797,150.0362,49.0652,completed,
baseline,shifted,oracle,104814,149.9306,48.3093,completed,
baseline,missing,oracle,104831,148.9326,48.5657,completed,
baseline,known,oracle,104848,150.7934,49.4299,completed,
baseline,shifted,oracle,104865,150.2992,48.8945,completed,
baseline,missing,oracle,104882,150.1691,49.2972,completed,
baseline,known,oracle,104899,149.6241,49.4193,completed,
baseline,shifted,oracle,104916,149.7720,49.4484,completed,
baseline,missing,oracle,104933,150.3016,49.1156,completed,
baseline,known,oracle,104950,151.4836,49.8018,completed,
baseline,shifted,oracle,104967,150.0898,48.1364,completed,
baseline,missing,oracle,104984,158.7441,46.0881,completed,
baseline,known,oracle,105001,150.3712,48.9083,completed,
baseline,shifted,oracle,105018,149.3881,49.3035,completed,
baseline,missing,oracle,105035,149.7034,49.2497,completed,
baseline,known,oracle,105052,149.6916,50.4273,completed,
baseline,shifted,oracle,105069,150.0620,48.0442,completed,
baseline,missing,oracle,105086,151.0718,46.0043,completed,
baseline,known,oracle,105103,150.2731,48.3957,completed,
baseline,shifted,oracle,105120,150.8578,50.7372,completed,
baseline,missing,oracle,105137,150.0206,49.3424,completed,
baseline,known,oracle,105154,150.8868,49.0955,completed,
baseline,shifted,oracle,105171,149.4086,48.9326,completed,
baseline,missing,oracle,105188,149.8721,48.5165,completed,
baseline,known,oracle,105205,149.8433,48.6649,completed,
baseline,shifted,oracle,105222,149.8958,48.9779,completed,
baseline,missing,oracle,105239,150.0427,48.6520,completed,
baseline,known,oracle,105256,149.9456,48.7048,completed,
baseline,shifted,oracle,105273,150.0809,48.3066,completed,
baseline,missing,oracle,105290,157.8394,46.1232,completed,
baseline,known,oracle,105307,150.0787,48.8605,completed,
baseline,shifted,oracle,105324,150.1668,49.1275,completed,
baseline,missing,oracle,105341,149.8884,48.8803,completed,
baseline,known,oracle,105358,149.6845,48.1240,completed,
baseline,shifted,oracle,105375,154.9256,46.0299,completed,
baseline,missing,oracle,105392,149.4286,49.0042,completed,
baseline,known,oracle,105409,150.5253,48.4597,completed,
baseline,shifted,oracle,105426,150.2982,49.3245,completed,
baseline,missing,oracle,105443,160.7505,46.1518,completed,
baseline,known,oracle,105460,148.9078,48.9019,completed,
baseline,shifted,oracle,105477,149.7128,49.0167,completed,
baseline,missing,oracle,105494,150.2903,50.4113,completed,
baseline,known,oracle,105511,153.6216,46.0228,completed,
baseline,shifted,oracle,105528,150.6545,50.5932,completed,
baseline,missing,oracle,105545,149.5632,48.9912,completed,
baseline,known,oracle,105562,150.4094,48.6307,completed,
baseline,shifted,oracle,105579,150.1058,48.0098,completed,
baseline,missing,oracle,105596,150.1878,47.9747,completed,
baseline,known,oracle,105613,150.8171,50.9686,completed,
baseline,shifted,oracle,105630,150.5170,49.8856,completed,
baseline,missing,oracle,105647,149.8996,48.0751,completed,
baseline,known,oracle,105664,149.5764,49.5422,completed,
baseline,shifted,oracle,105681,149.7729,49.7426,completed,
baseline,missing,oracle,105698,152.1712,46.0234,completed,
baseline,known,oracle,105715,149.9189,50.1742,completed,
baseline,shifted,oracle,105732,149.6111,49.0765,completed,
baseline,missing,oracle,105749,149.1682,51.2849,completed,
baseline,known,oracle,105766,150.1378,49.4116,completed,
baseline,shifted,oracle,105783,149.4104,49.2841,completed,
baseline,missing,oracle,105800,149.9049,51.1275,completed,
baseline,known,oracle,105817,149.1188,50.5801,completed,
baseline,shifted,oracle,105834,150.6130,49.4971,completed,
baseline,missing,oracle,105851,157.4485,46.0773,completed,
baseline,known,oracle,105868,149.5078,50.6090,completed,
baseline,shifted,oracle,105885,149.1810,50.0036,completed,
baseline,missing,oracle,105902,150.4090,49.6628,completed,
baseline,known,oracle,105919,149.3772,49.0969,completed,
baseline,shifted,oracle,105936,150.0572,48.2017,completed,
baseline,missing,oracle,105953,150.1515,49.6102,completed,
baseline,known,oracle,105970,149.9605,48.5204,completed,
baseline,shifted,oracle,105987,151.1740,49.8774,completed,
baseline,missing,oracle,106004,148.7875,51.1146,completed,
baseline,known,oracle,106021,150.3746,48.2506,completed,
baseline,shifted,oracle,106038,150.0939,48.4852,completed,
baseline,missing,oracle,106055,156.9876,46.0880,completed,
baseline,known,oracle,106072,150.5727,49.8492,completed,
baseline,shifted,oracle,106089,150.5084,49.9417,completed,
baseline,missing,oracle,106106,150.5354,50.6391,completed,
baseline,known,oracle,106123,150.0237,48.7409,completed,
baseline,shifted,oracle,106140,154.2395,46.0184,completed,
baseline,missing,oracle,106157,150.2471,48.6165,completed,
baseline,known,oracle,106174,150.3857,49.7526,completed,
baseline,shifted,oracle,106191,150.2383,48.7238,completed,
baseline,missing,oracle,106208,150.2033,48.8950,completed,
baseline,known,oracle,106225,151.7378,45.9933,completed,
baseline,shifted,oracle,106242,150.3215,48.8247,completed,
baseline,missing,oracle,106259,149.7316,49.8896,completed,
baseline,known,oracle,106276,148.8629,51.1164,completed,
baseline,shifted,oracle,106293,150.7365,50.5309,completed,
baseline,missing,oracle,106310,150.0806,48.9952,completed,
baseline,known,oracle,106327,149.1348,49.0956,completed,
baseline,shifted,oracle,106344,149.8310,48.3594,completed,
baseline,missing,oracle,106361,159.1933,46.0848,completed,
baseline,known,oracle,106378,151.4596,49.5562,completed,
baseline,shifted,oracle,106395,150.4092,49.6464,completed,
baseline,missing,oracle,106412,149.4564,49.9643,completed,
baseline,known,oracle,106429,149.4070,49.1088,completed,
baseline,shifted,oracle,106446,150.1922,49.7540,completed,
baseline,missing,oracle,106463,150.0287,48.2934,completed,
baseline,known,oracle,106480,150.6166,50.0905,completed,
baseline,shifted,oracle,106497,150.2270,48.4274,completed,
baseline,missing,oracle,106514,150.1213,48.6964,completed,
baseline,known,oracle,106531,149.4685,49.0099,completed,
baseline,shifted,oracle,106548,150.1504,49.4849,completed,
baseline,missing,oracle,106565,149.4541,50.0617,completed,
baseline,known,oracle,106582,150.2378,48.9941,completed,
baseline,shifted,oracle,106599,149.4244,48.0857,completed,
baseline,missing,oracle,106616,150.9103,48.5594,completed,
baseline,known,oracle,106633,150.0302,50.2063,completed,
baseline,shifted,oracle,106650,150.1046,49.8546,completed,
baseline,missing,oracle,106667,149.3615,49.9796,completed,
baseline,known,oracle,106684,149.7052,48.8952,completed,
baseline,shifted,oracle,106701,150.1158,48.7983,completed,
baseline,missing,oracle,106718,150.3484,48.6571,completed,
baseline,known,oracle,106735,149.1104,49.6346,completed,
baseline,shifted,oracle,106752,150.4071,49.6549,completed,
baseline,missing,oracle,106769,149.7095,48.3110,completed,
baseline,known,oracle,106786,150.0752,48.3262,completed,
baseline,shifted,oracle,106803,150.4904,50.5231,completed,
baseline,missing,oracle,106820,149.3392,45.7717,completed,
baseline,known,oracle,106837,149.1628,49.8394,completed,
baseline,shifted,oracle,106854,149.6109,48.1945,completed,
baseline,missing,oracle,106871,149.5765,49.3652,completed,
baseline,known,oracle,106888,149.8822,48.0560,completed,
baseline,shifted,oracle,106905,149.6254,48.4809,completed,
baseline,missing,oracle,106922,155.0599,46.0651,completed,
baseline,known,oracle,106939,150.7256,48.9546,completed,
baseline,shifted,oracle,106956,150.1878,47.9941,completed,
baseline,missing,oracle,106973,150.7559,50.7803,completed,
baseline,known,oracle,106990,150.0011,49.3887,completed,
baseline,shifted,oracle,107007,150.2481,48.9958,completed,
baseline,missing,oracle,107024,149.4664,48.5244,completed,
baseline,known,oracle,107041,149.9760,48.4727,completed,
baseline,shifted,oracle,107058,160.9084,46.1482,completed,
baseline,missing,oracle,107075,150.2007,49.6722,completed,
baseline,known,oracle,107092,150.0141,48.1280,completed,
baseline,shifted,oracle,107109,150.2891,48.5862,completed,
baseline,missing,oracle,107126,149.6775,48.8764,completed,
baseline,known,oracle,107143,149.5944,49.2905,completed,
baseline,shifted,oracle,107160,150.3097,48.7211,completed,
baseline,missing,oracle,107177,149.6434,48.2286,completed,
baseline,known,oracle,107194,150.2312,49.7507,completed,
baseline,shifted,oracle,107211,149.4272,49.1948,completed,
baseline,missing,oracle,107228,149.2641,50.8449,completed,
baseline,known,oracle,107245,149.9035,48.4123,completed,
baseline,shifted,oracle,107262,150.2441,49.3000,completed,
baseline,missing,oracle,107279,149.5705,49.1513,completed,
baseline,known,oracle,107296,149.2020,49.3495,completed,
baseline,shifted,oracle,107313,149.7368,48.0605,completed,
baseline,missing,oracle,107330,159.8840,46.1236,completed,
baseline,known,oracle,107347,148.4181,50.2046,completed,
baseline,shifted,oracle,107364,149.5161,48.5873,completed,
baseline,missing,oracle,107381,149.4182,49.4998,completed,
baseline,known,oracle,107398,150.2808,49.6623,completed,
baseline,shifted,oracle,107415,150.2211,49.2479,completed,
baseline,missing,oracle,107432,150.6709,51.1045,completed,
baseline,known,oracle,107449,153.8524,46.0521,completed,
baseline,shifted,oracle,107466,150.0323,48.4973,completed,
baseline,missing,oracle,107483,150.2437,49.6709,completed,
baseline,known,oracle,107500,150.6903,48.7438,completed,
baseline,shifted,oracle,107517,149.7691,49.2348,completed,
baseline,missing,oracle,107534,149.4457,49.1080,completed,
baseline,known,oracle,107551,150.4715,48.7278,completed,
baseline,shifted,oracle,107568,149.8048,49.4242,completed,
baseline,missing,oracle,107585,149.9749,48.5608,completed,
baseline,known,oracle,107602,149.9454,48.0055,completed,
baseline,shifted,oracle,107619,150.4967,50.1422,completed,
baseline,missing,oracle,107636,150.1606,48.2676,completed,
baseline,known,oracle,107653,151.1563,50.2225,completed,
baseline,shifted,oracle,107670,150.1467,48.4006,completed,
baseline,missing,oracle,107687,150.1126,48.7371,completed,
baseline,known,oracle,107704,159.7696,46.1833,completed,
baseline,shifted,oracle,107721,150.1841,49.1712,completed,
baseline,missing,oracle,107738,149.8324,49.0785,completed,
baseline,known,oracle,107755,150.7558,49.8411,completed,
baseline,shifted,oracle,107772,159.4887,46.1243,completed,
baseline,missing,oracle,107789,151.8406,51.5987,completed,
baseline,known,oracle,107806,149.8373,48.0090,completed,
baseline,shifted,oracle,107823,149.6943,48.9909,completed,
baseline,missing,oracle,107840,150.2503,49.5222,completed,
baseline,known,oracle,107857,150.1043,48.9487,completed,
baseline,shifted,oracle,107874,150.0901,48.5900,completed,
baseline,missing,oracle,107891,149.6693,48.6833,completed,
baseline,known,oracle,107908,161.3159,46.1015,completed,
baseline,shifted,oracle,107925,150.3100,48.2120,completed,
baseline,missing,oracle,107942,150.4053,48.5673,completed,
baseline,known,oracle,107959,160.6378,46.1262,completed,
baseline,shifted,oracle,107976,149.7726,49.1892,completed,
baseline,missing,oracle,107993,150.3788,45.0217,completed,
baseline,known,oracle,108010,148.9624,50.2144,completed,
baseline,shifted,oracle,108027,159.7066,46.1651,completed,
baseline,missing,oracle,108044,150.4284,51.1363,completed,
baseline,known,oracle,108061,150.2531,50.1441,completed,
baseline,shifted,oracle,108078,161.0997,46.1153,completed,
baseline,missing,oracle,108095,149.4707,48.7310,completed,
baseline,known,oracle,108112,149.7839,48.2789,completed,
baseline,shifted,oracle,108129,149.5839,49.8445,completed,
baseline,missing,oracle,108146,150.5025,50.0702,completed,
baseline,known,oracle,108163,149.8485,48.0817,completed,
baseline,shifted,oracle,108180,148.5701,51.0323,completed,
baseline,missing,oracle,108197,150.1132,50.8513,completed,
baseline,known,oracle,108214,149.1781,48.6398,completed,
baseline,shifted,oracle,108231,150.1707,49.4445,completed,
baseline,missing,oracle,108248,150.4740,48.3157,completed,
baseline,known,oracle,108265,150.2341,48.1333,completed,
baseline,shifted,oracle,108282,149.2956,51.1393,completed,
baseline,missing,oracle,108299,150.0213,50.2036,completed,
baseline,known,oracle,108316,150.1626,49.0186,completed,
baseline,shifted,oracle,108333,150.4155,48.9531,completed,
baseline,missing,oracle,108350,149.5649,48.3259,completed,
baseline,known,oracle,108367,150.9287,50.3042,completed,
baseline,shifted,oracle,108384,150.1358,45.9458,completed,
baseline,missing,oracle,108401,149.2620,49.3125,completed,
baseline,known,oracle,108418,149.8075,48.9350,completed,
baseline,shifted,oracle,108435,151.2922,49.1476,completed,
baseline,missing,oracle,108452,150.5082,49.5487,completed,
baseline,known,oracle,108469,149.9178,48.8449,completed,
baseline,shifted,oracle,108486,149.9063,48.0807,completed,
baseline,missing,oracle,108503,150.8794,49.6591,completed,
baseline,known,oracle,108520,161.6231,46.1931,completed,
baseline,shifted,oracle,108537,150.9315,49.5626,completed,
baseline,missing,oracle,108554,149.0575,50.8885,completed,
baseline,known,oracle,108571,159.2499,46.1401,completed,
baseline,shifted,oracle,108588,149.6013,50.7603,completed,
baseline,missing,oracle,108605,149.3321,49.4246,completed,
baseline,known,oracle,108622,155.2804,46.0470,completed,
baseline,shifted,oracle,108639,150.7578,48.9906,completed,
baseline,missing,oracle,108656,149.6192,49.3743,completed,
baseline,known,oracle,108673,150.2544,48.6358,completed,
baseline,shifted,oracle,108690,149.7889,48.2509,completed,
optimized,known,oracle,100003,149.9386,46.1556,completed,
optimized,shifted,oracle,100020,150.7457,46.5874,completed,
optimized,missing,oracle,100037,147.6854,47.2164,completed,
optimized,known,oracle,100054,150.8309,46.4751,completed,
optimized,shifted,oracle,100071,150.5010,47.3045,completed,
optimized,missing,oracle,100088,149.8547,47.6253,completed,
optimized,known,oracle,100105,174.5374,42.0741,stopped,
optimized,shifted,oracle,100122,150.3936,46.4658,completed,
optimized,missing,oracle,100139,148.0149,49.0759,completed,
optimized,known,oracle,100156,148.7053,47.5117,completed,
optimized,shifted,oracle,100173,151.4644,45.8254,completed,
optimized,missing,oracle,100190,150.8448,46.4251,completed,
optimized,known,oracle,100207,149.8634,47.6387,completed,
optimized,shifted,oracle,100224,148.6001,47.3656,completed,
optimized,missing,oracle,100241,148.0976,47.9708,completed,
optimized,known,oracle,100258,147.2220,47.8130,completed,
optimized,shifted,oracle,100275,148.7720,47.5601,completed,
optimized,missing,oracle,100292,150.8879,48.5432,completed,
optimized,known,oracle,100309,151.1145,46.5772,completed,
optimized,shifted,oracle,100326,149.9343,46.5454,completed,
optimized,missing,oracle,100343,151.5414,47.4565,completed,
optimized,known,oracle,100360,149.0345,46.2614,completed,
optimized,shifted,oracle,100377,150.4103,45.5029,completed,
optimized,missing,oracle,100394,150.0199,46.8211,completed,
optimized,known,oracle,100411,149.3573,46.2301,completed,
optimized,shifted,oracle,100428,150.5103,47.0607,completed,
optimized,missing,oracle,100445,149.4702,48.6918,completed,
optimized,known,oracle,100462,152.7207,45.9761,completed,
optimized,shifted,oracle,100479,149.8076,46.7887,completed,
optimized,missing,oracle,100496,150.1911,48.7348,completed,
optimized,known,oracle,100513,150.3127,47.3665,completed,
optimized,shifted,oracle,100530,151.0285,46.5137,completed,
optimized,missing,oracle,100547,149.8452,47.3474,completed,
optimized,known,oracle,100564,151.9472,46.7207,completed,
optimized,shifted,oracle,100581,150.4850,46.5009,completed,
optimized,missing,oracle,100598,154.7999,49.7779,completed,
optimized,known,oracle,100615,149.0479,47.6649,completed,
optimized,shifted,oracle,100632,149.9685,45.8568,completed,
optimized,missing,oracle,100649,148.8655,45.5939,completed,
optimized,known,oracle,100666,152.2071,47.6798,completed,
optimized,shifted,oracle,100683,149.6326,45.3921,completed,
optimized,missing,oracle,100700,152.6849,48.5796,completed,
optimized,known,oracle,100717,149.8596,47.8350,completed,
optimized,shifted,oracle,100734,150.2983,46.5448,completed,
optimized,missing,oracle,100751,150.0333,46.2391,completed,
optimized,known,oracle,100768,148.7205,48.1684,completed,
optimized,shifted,oracle,100785,152.1730,47.0496,completed,
optimized,missing,oracle,100802,150.0543,47.8445,completed,
optimized,known,oracle,100819,149.8632,46.5108,completed,
optimized,shifted,oracle,100836,150.0054,48.1255,completed,
optimized,missing,oracle,100853,149.6004,45.4592,completed,
optimized,known,oracle,100870,150.0612,47.2603,completed,
optimized,shifted,oracle,100887,151.0759,47.6300,completed,
optimized,missing,oracle,100904,148.8106,47.5160,completed,
optimized,known,oracle,100921,149.4359,45.8535,completed,
optimized,shifted,oracle,100938,151.3384,48.4622,completed,
optimized,missing,oracle,100955,149.1152,47.2703,completed,
optimized,known,oracle,100972,152.5175,49.7227,completed,
optimized,shifted,oracle,100989,150.3251,46.1112,completed,
optimized,missing,oracle,101006,149.4233,48.4682,completed,
optimized,known,oracle,101023,150.1369,48.5445,completed,
optimized,shifted,oracle,101040,151.4773,47.6166,completed,
optimized,missing,oracle,101057,148.6880,46.5032,completed,
optimized,known,oracle,101074,151.1630,45.6734,completed,
optimized,shifted,oracle,101091,152.3407,48.6351,completed,
optimized,missing,oracle,101108,149.1717,46.3013,completed,
optimized,known,oracle,101125,149.1203,47.3058,completed,
optimized,shifted,oracle,101142,149.4247,46.3120,completed,
optimized,missing,oracle,101159,150.6510,47.2083,completed,
optimized,known,oracle,101176,148.0772,48.2314,completed,
optimized,shifted,oracle,101193,150.6368,47.6149,completed,
optimized,missing,oracle,101210,149.0886,48.7655,completed,
optimized,known,oracle,101227,151.4648,46.6938,completed,
optimized,shifted,oracle,101244,147.8587,47.9574,completed,
optimized,missing,oracle,101261,149.5556,45.7702,completed,
optimized,known,oracle,101278,147.3962,47.2685,completed,
optimized,shifted,oracle,101295,150.1630,46.0472,completed,
optimized,missing,oracle,101312,149.3390,47.0635,completed,
optimized,known,oracle,101329,151.1034,47.1743,completed,
optimized,shifted,oracle,101346,152.4309,49.0374,completed,
optimized,missing,oracle,101363,151.3818,46.3454,completed,
optimized,known,oracle,101380,150.8836,45.6308,completed,
optimized,shifted,oracle,101397,149.0949,46.5071,completed,
optimized,missing,oracle,101414,150.7432,45.9051,completed,
optimized,known,oracle,101431,181.3648,42.1619,stopped,
optimized,shifted,oracle,101448,150.3119,48.2675,completed,
optimized,missing,oracle,101465,148.9635,48.2675,completed,
optimized,known,oracle,101482,148.9881,47.4750,completed,
optimized,shifted,oracle,101499,150.5209,45.8346,completed,
optimized,missing,oracle,101516,149.0214,48.4273,completed,
optimized,known,oracle,101533,186.2375,42.1925,stopped,
optimized,shifted,oracle,101550,151.1984,47.4329,completed,
optimized,missing,oracle,101567,149.3563,46.9777,completed,
optimized,known,oracle,101584,149.8976,47.2042,completed,
optimized,shifted,oracle,101601,148.9854,46.4880,completed,
optimized,missing,oracle,101618,149.8900,46.1736,completed,
optimized,known,oracle,101635,149.9385,45.6136,completed,
optimized,shifted,oracle,101652,150.9141,46.4244,completed,
optimized,missing,oracle,101669,149.6657,46.6351,completed,
optimized,known,oracle,101686,149.4173,46.5623,completed,
optimized,shifted,oracle,101703,151.7186,46.6663,completed,
optimized,missing,oracle,101720,148.7078,47.3321,completed,
optimized,known,oracle,101737,148.6728,48.3984,completed,
optimized,shifted,oracle,101754,148.1731,46.1645,completed,
optimized,missing,oracle,101771,149.5743,46.4086,completed,
optimized,known,oracle,101788,149.5754,48.2595,completed,
optimized,shifted,oracle,101805,147.7916,46.4654,completed,
optimized,missing,oracle,101822,149.6307,45.8719,completed,
optimized,known,oracle,101839,149.7850,45.7545,completed,
optimized,shifted,oracle,101856,150.6506,48.3246,completed,
optimized,missing,oracle,101873,148.7800,46.7951,completed,
optimized,known,oracle,101890,149.1815,47.3509,completed,
optimized,shifted,oracle,101907,149.8321,47.2763,completed,
optimized,missing,oracle,101924,149.7672,46.1672,completed,
optimized,known,oracle,101941,148.4485,46.7381,completed,
optimized,shifted,oracle,101958,149.7678,47.8696,completed,
optimized,missing,oracle,101975,148.5942,46.3099,completed,
optimized,known,oracle,101992,149.3198,46.5207,completed,
optimized,shifted,oracle,102009,151.1098,48.4496,completed,
optimized,missing,oracle,102026,148.8768,47.8201,completed,
optimized,known,oracle,102043,151.0145,46.4195,completed,
optimized,shifted,oracle,102060,150.9608,46.3920,completed,
optimized,missing,oracle,102077,151.3777,47.1251,completed,
optimized,known,oracle,102094,149.2225,48.0822,completed,
optimized,shifted,oracle,102111,148.9808,45.7485,completed,
optimized,missing,oracle,102128,151.2666,47.7041,completed,
optimized,known,oracle,102145,150.8910,48.8972,completed,
optimized,shifted,oracle,102162,150.3754,46.2964,completed,
optimized,missing,oracle,102179,149.5502,47.1050,completed,
optimized,known,oracle,102196,173.6346,42.0502,stopped,
optimized,shifted,oracle,102213,149.3540,47.1650,completed,
optimized,missing,oracle,102230,148.8449,47.7983,completed,
optimized,known,oracle,102247,150.5851,48.2861,completed,
optimized,shifted,oracle,102264,151.7866,46.7123,completed,
optimized,missing,oracle,102281,149.6300,47.6502,completed,
optimized,known,oracle,102298,149.7887,45.7403,completed,
optimized,shifted,oracle,102315,149.7551,46.7916,completed,
optimized,missing,oracle,102332,149.0067,47.1755,completed,
optimized,known,oracle,102349,150.4419,46.6207,completed,
optimized,shifted,oracle,102366,149.7311,46.6424,completed,
optimized,missing,oracle,102383,149.0427,47.3407,completed,
optimized,known,oracle,102400,150.9570,47.7173,completed,
optimized,shifted,oracle,102417,150.1275,46.9892,completed,
optimized,missing,oracle,102434,172.6244,42.0526,stopped,
optimized,known,oracle,102451,150.5538,46.3883,completed,
optimized,shifted,oracle,102468,151.7864,48.9182,completed,
optimized,missing,oracle,102485,150.4857,46.0301,completed,
optimized,known,oracle,102502,149.0650,47.4446,completed,
optimized,shifted,oracle,102519,148.3619,47.8220,completed,
optimized,missing,oracle,102536,150.2993,46.2153,completed,
optimized,known,oracle,102553,149.6912,46.5852,completed,
optimized,shifted,oracle,102570,150.6982,47.6532,completed,
optimized,missing,oracle,102587,151.0313,47.1103,completed,
optimized,known,oracle,102604,151.1650,47.5664,completed,
optimized,shifted,oracle,102621,148.8090,49.5966,completed,
optimized,missing,oracle,102638,149.1140,45.7638,completed,
optimized,known,oracle,102655,150.7948,48.3968,completed,
optimized,shifted,oracle,102672,186.3331,42.1833,stopped,
optimized,missing,oracle,102689,149.9692,46.8020,completed,
optimized,known,oracle,102706,152.0083,48.0746,completed,
optimized,shifted,oracle,102723,151.0139,46.9039,completed,
optimized,missing,oracle,102740,149.8616,46.8448,completed,
optimized,known,oracle,102757,149.1250,47.2382,completed,
optimized,shifted,oracle,102774,151.2416,47.8181,completed,
optimized,missing,oracle,102791,149.4619,46.5760,completed,
optimized,known,oracle,102808,149.8078,46.4029,completed,
optimized,shifted,oracle,102825,149.7022,47.0861,completed,
optimized,missing,oracle,102842,149.2625,48.5935,completed,
optimized,known,oracle,102859,148.7648,47.9061,completed,
optimized,shifted,oracle,102876,152.6547,46.6452,completed,
optimized,missing,oracle,102893,148.5563,46.5857,completed,
optimized,known,oracle,102910,149.7368,47.0405,completed,
optimized,shifted,oracle,102927,153.8130,47.0082,completed,
optimized,missing,oracle,102944,150.2700,46.5762,completed,
optimized,known,oracle,102961,148.4624,47.6051,completed,
optimized,shifted,oracle,102978,149.1589,47.3869,completed,
optimized,missing,oracle,102995,152.7111,47.9214,completed,
optimized,known,oracle,103012,152.4122,46.3827,completed,
optimized,shifted,oracle,103029,150.4045,46.0864,completed,
optimized,missing,oracle,103046,149.3105,47.8494,completed,
optimized,known,oracle,103063,150.0331,46.7575,completed,
optimized,shifted,oracle,103080,149.8398,46.3782,completed,
optimized,missing,oracle,103097,149.2540,46.5367,completed,
optimized,known,oracle,103114,150.6707,48.4174,completed,
optimized,shifted,oracle,103131,150.2144,46.7987,completed,
optimized,missing,oracle,103148,148.7381,46.6472,completed,
optimized,known,oracle,103165,149.1204,47.2166,completed,
optimized,shifted,oracle,103182,149.9111,47.4733,completed,
optimized,missing,oracle,103199,151.5537,47.5838,completed,
optimized,known,oracle,103216,149.5402,47.2301,completed,
optimized,shifted,oracle,103233,151.3725,48.6327,completed,
optimized,missing,oracle,103250,148.4980,46.7125,completed,
optimized,known,oracle,103267,151.0022,48.3789,completed,
optimized,shifted,oracle,103284,149.8496,45.9185,completed,
optimized,missing,oracle,103301,151.0087,46.6331,completed,
optimized,known,oracle,103318,152.5272,47.1463,completed,
optimized,shifted,oracle,103335,147.1953,46.2428,completed,
optimized,missing,oracle,103352,149.6357,46.7675,completed,
optimized,known,oracle,103369,149.4132,46.8708,completed,
optimized,shifted,oracle,103386,185.6081,42.2043,stopped,
optimized,missing,oracle,103403,149.4917,47.2040,completed,
optimized,known,oracle,103420,148.7885,46.1449,completed,
optimized,shifted,oracle,103437,150.3850,46.1873,completed,
optimized,missing,oracle,103454,150.8487,47.0972,completed,
optimized,known,oracle,103471,148.0493,47.8607,completed,
optimized,shifted,oracle,103488,150.3028,46.9318,completed,
optimized,missing,oracle,103505,150.6150,46.8073,completed,
optimized,known,oracle,103522,149.9217,48.2612,completed,
optimized,shifted,oracle,103539,180.4158,42.1376,stopped,
optimized,missing,oracle,103556,149.9382,46.7645,completed,
optimized,known,oracle,103573,153.1116,49.8255,completed,
optimized,shifted,oracle,103590,148.4167,47.4033,completed,
optimized,missing,oracle,103607,149.9752,45.6781,completed,
optimized,known,oracle,103624,149.7351,45.8536,completed,
optimized,shifted,oracle,103641,185.0721,42.1629,stopped,
optimized,missing,oracle,103658,152.4965,49.6379,completed,
optimized,known,oracle,103675,150.1325,48.0989,completed,
optimized,shifted,oracle,103692,149.1422,47.0089,completed,
optimized,missing,oracle,103709,151.0425,46.1602,completed,
optimized,known,oracle,103726,150.7109,46.5432,completed,
optimized,shifted,oracle,103743,150.3472,47.1569,completed,
optimized,missing,oracle,103760,150.6247,47.0156,completed,
optimized,known,oracle,103777,149.4344,45.5941,completed,
optimized,shifted,oracle,103794,149.7374,46.1199,completed,
optimized,missing,oracle,103811,154.0910,49.7765,completed,
optimized,known,oracle,103828,150.5515,46.5170,completed,
optimized,shifted,oracle,103845,152.3858,47.5485,completed,
optimized,missing,oracle,103862,151.4325,46.4452,completed,
optimized,known,oracle,103879,151.4610,48.3225,completed,
optimized,shifted,oracle,103896,183.1131,42.1784,stopped,
optimized,missing,oracle,103913,149.0307,48.9428,completed,
optimized,known,oracle,103930,151.0676,47.4621,completed,
optimized,shifted,oracle,103947,180.3241,42.1338,stopped,
optimized,missing,oracle,103964,150.3676,46.9584,completed,
optimized,known,oracle,103981,150.6994,47.3155,completed,
optimized,shifted,oracle,103998,150.9149,47.1987,completed,
optimized,missing,oracle,104015,148.8130,47.5184,completed,
optimized,known,oracle,104032,151.8053,49.4929,completed,
optimized,shifted,oracle,104049,151.0523,45.8327,completed,
optimized,missing,oracle,104066,151.7361,48.3898,completed,
optimized,known,oracle,104083,149.0081,46.4624,completed,
optimized,shifted,oracle,104100,151.5506,47.0019,completed,
optimized,missing,oracle,104117,147.3490,49.1904,completed,
optimized,known,oracle,104134,150.2483,48.8588,completed,
optimized,shifted,oracle,104151,149.6210,45.6939,completed,
optimized,missing,oracle,104168,148.8136,48.0038,completed,
optimized,known,oracle,104185,150.9963,47.6932,completed,
optimized,shifted,oracle,104202,149.6264,46.1387,completed,
optimized,missing,oracle,104219,149.8341,47.2970,completed,
optimized,known,oracle,104236,150.4255,47.3578,completed,
optimized,shifted,oracle,104253,150.1735,46.2172,completed,
optimized,missing,oracle,104270,182.9147,42.1803,stopped,
optimized,known,oracle,104287,150.6971,46.8513,completed,
optimized,shifted,oracle,104304,148.6872,48.3998,completed,
optimized,missing,oracle,104321,150.5590,47.3725,completed,
optimized,known,oracle,104338,151.6851,46.4007,completed,
optimized,shifted,oracle,104355,151.4817,47.7968,completed,
optimized,missing,oracle,104372,149.2508,45.7342,completed,
optimized,known,oracle,104389,149.1109,47.9449,completed,
optimized,shifted,oracle,104406,150.0491,46.4372,completed,
optimized,missing,oracle,104423,148.3013,49.0468,completed,
optimized,known,oracle,104440,151.5050,46.5312,completed,
optimized,shifted,oracle,104457,177.8920,42.1445,stopped,
optimized,missing,oracle,104474,152.7695,46.2225,completed,
optimized,known,oracle,104491,148.6773,46.3717,completed,
optimized,shifted,oracle,104508,149.7784,47.2475,completed,
optimized,missing,oracle,104525,152.6922,46.7956,completed,
optimized,known,oracle,104542,148.5864,45.9695,completed,
optimized,shifted,oracle,104559,146.8407,47.2448,completed,
optimized,missing,oracle,104576,150.5622,48.4584,completed,
optimized,known,oracle,104593,148.1588,47.2440,completed,
optimized,shifted,oracle,104610,149.3014,46.7242,completed,
optimized,missing,oracle,104627,147.1460,47.2553,completed,
optimized,known,oracle,104644,149.3633,46.5590,completed,
optimized,shifted,oracle,104661,149.7542,46.5924,completed,
optimized,missing,oracle,104678,148.4333,46.7976,completed,
optimized,known,oracle,104695,149.6650,46.6360,completed,
optimized,shifted,oracle,104712,149.1355,49.0089,completed,
optimized,missing,oracle,104729,150.5077,46.3246,completed,
optimized,known,oracle,104746,150.7806,46.8575,completed,
optimized,shifted,oracle,104763,150.7232,47.1412,completed,
optimized,missing,oracle,104780,149.9697,47.0405,completed,
optimized,known,oracle,104797,149.5696,47.0599,completed,
optimized,shifted,oracle,104814,149.7815,46.2993,completed,
optimized,missing,oracle,104831,148.6741,46.7708,completed,
optimized,known,oracle,104848,149.4986,47.4375,completed,
optimized,shifted,oracle,104865,149.5013,47.1029,completed,
optimized,missing,oracle,104882,149.1180,47.6134,completed,
optimized,known,oracle,104899,150.5729,47.5984,completed,
optimized,shifted,oracle,104916,150.0665,47.5599,completed,
optimized,missing,oracle,104933,148.5716,47.2669,completed,
optimized,known,oracle,104950,148.8535,47.7690,completed,
optimized,shifted,oracle,104967,148.9202,46.2392,completed,
optimized,missing,oracle,104984,151.2437,45.5424,completed,
optimized,known,oracle,105001,150.6354,46.8002,completed,
optimized,shifted,oracle,105018,150.4306,47.3378,completed,
optimized,missing,oracle,105035,149.0874,47.4438,completed,
optimized,known,oracle,105052,150.6245,48.4005,completed,
optimized,shifted,oracle,105069,149.9668,46.1335,completed,
optimized,missing,oracle,105086,149.0892,45.5264,completed,
optimized,known,oracle,105103,150.0324,46.4010,completed,
optimized,shifted,oracle,105120,150.2744,48.7524,completed,
optimized,missing,oracle,105137,149.5404,47.5115,completed,
optimized,known,oracle,105154,150.3442,47.0793,completed,
optimized,shifted,oracle,105171,150.1387,46.7593,completed,
optimized,missing,oracle,105188,151.1614,46.3839,completed,
optimized,known,oracle,105205,150.0902,46.7613,completed,
optimized,shifted,oracle,105222,147.5441,47.1069,completed,
optimized,missing,oracle,105239,150.1487,46.5641,completed,
optimized,known,oracle,105256,150.5094,46.7914,completed,
optimized,shifted,oracle,105273,151.3935,46.2222,completed,
optimized,missing,oracle,105290,150.3036,45.8154,completed,
optimized,known,oracle,105307,150.5094,47.0535,completed,
optimized,shifted,oracle,105324,149.1726,47.1646,completed,
optimized,missing,oracle,105341,149.4694,46.9083,completed,
optimized,known,oracle,105358,149.5193,46.3335,completed,
optimized,shifted,oracle,105375,185.2466,42.1855,stopped,
optimized,missing,oracle,105392,148.6481,47.2317,completed,
optimized,known,oracle,105409,149.1339,46.5557,completed,
optimized,shifted,oracle,105426,151.2455,47.3017,completed,
optimized,missing,oracle,105443,149.7489,45.8783,completed,
optimized,known,oracle,105460,149.9365,46.9411,completed,
optimized,shifted,oracle,105477,150.4899,47.0573,completed,
optimized,missing,oracle,105494,149.3444,48.3878,completed,
optimized,known,oracle,105511,149.6072,45.4610,completed,
optimized,shifted,oracle,105528,150.2421,48.4675,completed,
optimized,missing,oracle,105545,150.1981,46.9669,completed,
optimized,known,oracle,105562,148.5647,46.7969,completed,
optimized,shifted,oracle,105579,149.0561,46.1823,completed,
optimized,missing,oracle,105596,150.0801,46.1019,completed,
optimized,known,oracle,105613,149.9417,48.9651,completed,
optimized,shifted,oracle,105630,148.8924,48.0646,completed,
optimized,missing,oracle,105647,150.7074,46.0033,completed,
optimized,known,oracle,105664,148.2345,47.6554,completed,
optimized,shifted,oracle,105681,151.8296,47.6641,completed,
optimized,missing,oracle,105698,184.7162,42.1729,stopped,
optimized,known,oracle,105715,150.6305,48.1617,completed,
optimized,shifted,oracle,105732,150.9465,47.1901,completed,
optimized,missing,oracle,105749,146.7799,49.2399,completed,
optimized,known,oracle,105766,148.0730,47.3176,completed,
optimized,shifted,oracle,105783,149.7281,47.3103,completed,
optimized,missing,oracle,105800,150.5985,49.2730,completed,
optimized,known,oracle,105817,148.6198,48.6487,completed,
optimized,shifted,oracle,105834,150.3035,47.3823,completed,
optimized,missing,oracle,105851,148.5809,45.8070,completed,
optimized,known,oracle,105868,151.7138,48.6670,completed,
optimized,shifted,oracle,105885,151.7401,47.7243,completed,
optimized,missing,oracle,105902,150.8115,47.6756,completed,
optimized,known,oracle,105919,150.6639,47.0167,completed,
optimized,shifted,oracle,105936,150.4300,46.3476,completed,
optimized,missing,oracle,105953,149.1918,47.9150,completed,
optimized,known,oracle,105970,150.5255,46.4466,completed,
optimized,shifted,oracle,105987,146.5412,48.2072,completed,
optimized,missing,oracle,106004,148.3612,49.2633,completed,
optimized,known,oracle,106021,149.5238,46.3984,completed,
optimized,shifted,oracle,106038,150.4813,46.6337,completed,
optimized,missing,oracle,106055,149.7030,45.5496,completed,
optimized,known,oracle,106072,150.1274,47.8481,completed,
optimized,shifted,oracle,106089,150.5208,48.0054,completed,
optimized,missing,oracle,106106,148.8903,48.7350,completed,
optimized,known,oracle,106123,150.3003,46.8769,completed,
optimized,shifted,oracle,106140,147.4603,45.6835,completed,
optimized,missing,oracle,106157,149.4064,46.6815,completed,
optimized,known,oracle,106174,151.1206,47.9139,completed,
optimized,shifted,oracle,106191,150.4151,46.4705,completed,
optimized,missing,oracle,106208,151.0689,46.7932,completed,
optimized,known,oracle,106225,148.7724,45.4022,completed,
optimized,shifted,oracle,106242,149.2597,46.9085,completed,
optimized,missing,oracle,106259,151.3626,47.6780,completed,
optimized,known,oracle,106276,148.8472,49.3574,completed,
optimized,shifted,oracle,106293,152.3356,48.2697,completed,
optimized,missing,oracle,106310,148.4959,47.1969,completed,
optimized,known,oracle,106327,149.5322,47.2265,completed,
optimized,shifted,oracle,106344,149.9028,46.5474,completed,
optimized,missing,oracle,106361,148.4555,45.8323,completed,
optimized,known,oracle,106378,150.6879,47.3279,completed,
optimized,shifted,oracle,106395,149.5020,47.7518,completed,
optimized,missing,oracle,106412,149.1394,47.9611,completed,
optimized,known,oracle,106429,150.4316,47.2398,completed,
optimized,shifted,oracle,106446,149.4224,47.6578,completed,
optimized,missing,oracle,106463,150.1944,46.3169,completed,
optimized,known,oracle,106480,149.9617,48.2223,completed,
optimized,shifted,oracle,106497,150.6264,46.5093,completed,
optimized,missing,oracle,106514,150.7008,46.7508,completed,
optimized,known,oracle,106531,149.7934,47.1394,completed,
optimized,shifted,oracle,106548,149.4277,47.6383,completed,
optimized,missing,oracle,106565,148.2684,48.2386,completed,
optimized,known,oracle,106582,151.7293,46.9439,completed,
optimized,shifted,oracle,106599,149.3109,46.1629,completed,
optimized,missing,oracle,106616,150.2982,46.5621,completed,
optimized,known,oracle,106633,151.4866,48.1171,completed,
optimized,shifted,oracle,106650,149.6830,47.7978,completed,
optimized,missing,oracle,106667,152.0393,47.9585,completed,
optimized,known,oracle,106684,149.7066,46.9280,completed,
optimized,shifted,oracle,106701,150.4585,46.7532,completed,
optimized,missing,oracle,106718,149.8778,46.7013,completed,
optimized,known,oracle,106735,150.2454,47.7801,completed,
optimized,shifted,oracle,106752,150.2155,47.7218,completed,
optimized,missing,oracle,106769,150.1909,46.2883,completed,
optimized,known,oracle,106786,149.5275,46.5311,completed,
optimized,shifted,oracle,106803,150.2729,48.5696,completed,
optimized,missing,oracle,106820,180.5471,42.1431,stopped,
optimized,known,oracle,106837,150.7840,47.8787,completed,
optimized,shifted,oracle,106854,149.8511,46.2168,completed,
optimized,missing,oracle,106871,148.6764,47.5016,completed,
optimized,known,oracle,106888,149.8559,46.1634,completed,
optimized,shifted,oracle,106905,149.2192,46.6041,completed,
optimized,missing,oracle,106922,149.5292,45.5239,completed,
optimized,known,oracle,106939,146.6647,47.2342,completed,
optimized,shifted,oracle,106956,150.0795,46.0764,completed,
optimized,missing,oracle,106973,147.8210,49.0655,completed,
optimized,known,oracle,106990,149.1960,47.5332,completed,
optimized,shifted,oracle,107007,151.3844,47.0530,completed,
optimized,missing,oracle,107024,150.4006,46.4877,completed,
optimized,known,oracle,107041,150.5182,46.4456,completed,
optimized,shifted,oracle,107058,151.3944,45.7374,completed,
optimized,missing,oracle,107075,150.5293,47.8417,completed,
optimized,known,oracle,107092,149.5997,46.0851,completed,
optimized,shifted,oracle,107109,149.9750,46.4843,completed,
optimized,missing,oracle,107126,149.8756,46.9454,completed,
optimized,known,oracle,107143,150.5201,47.1249,completed,
optimized,shifted,oracle,107160,149.6256,46.7389,completed,
optimized,missing,oracle,107177,150.9529,46.2220,completed,
optimized,known,oracle,107194,150.9001,47.8047,completed,
optimized,shifted,oracle,107211,149.5348,47.3375,completed,
optimized,missing,oracle,107228,153.0648,48.8054,completed,
optimized,known,oracle,107245,149.7441,46.5915,completed,
optimized,shifted,oracle,107262,149.5955,47.4203,completed,
optimized,missing,oracle,107279,151.4693,46.9883,completed,
optimized,known,oracle,107296,150.5074,47.3132,completed,
optimized,shifted,oracle,107313,148.9615,46.2420,completed,
optimized,missing,oracle,107330,149.5088,45.7935,completed,
optimized,known,oracle,107347,153.2390,48.0698,completed,
optimized,shifted,oracle,107364,150.9691,46.6149,completed,
optimized,missing,oracle,107381,149.5563,47.5098,completed,
optimized,known,oracle,107398,151.8542,47.5618,completed,
optimized,shifted,oracle,107415,149.7514,47.2149,completed,
optimized,missing,oracle,107432,151.3997,48.9382,completed,
optimized,known,oracle,107449,148.9644,45.5981,completed,
optimized,shifted,oracle,107466,148.9555,46.5885,completed,
optimized,missing,oracle,107483,150.8515,47.6502,completed,
optimized,known,oracle,107500,148.0561,46.9430,completed,
optimized,shifted,oracle,107517,151.0272,47.2360,completed,
optimized,missing,oracle,107534,150.3524,47.1309,completed,
optimized,known,oracle,107551,150.4693,46.7843,completed,
optimized,shifted,oracle,107568,149.7524,47.5959,completed,
optimized,missing,oracle,107585,149.7332,46.9198,completed,
optimized,known,oracle,107602,150.9086,46.0341,completed,
optimized,shifted,oracle,107619,149.7824,48.3818,completed,
optimized,missing,oracle,107636,150.7149,45.9538,completed,
optimized,known,oracle,107653,151.4886,48.1213,completed,
optimized,shifted,oracle,107670,150.7899,46.4462,completed,
optimized,missing,oracle,107687,150.0293,46.7645,completed,
optimized,known,oracle,107704,150.6745,46.0499,completed,
optimized,shifted,oracle,107721,151.4330,47.0558,completed,
optimized,missing,oracle,107738,152.8788,46.6985,completed,
optimized,known,oracle,107755,150.3081,47.8126,completed,
optimized,shifted,oracle,107772,149.9270,45.7694,completed,
optimized,missing,oracle,107789,151.9694,49.5622,completed,
optimized,known,oracle,107806,150.9083,45.7772,completed,
optimized,shifted,oracle,107823,149.6621,46.9030,completed,
optimized,missing,oracle,107840,149.2855,47.5154,completed,
optimized,known,oracle,107857,150.5649,46.9652,completed,
optimized,shifted,oracle,107874,149.9444,46.7488,completed,
optimized,missing,oracle,107891,150.9005,46.4979,completed,
optimized,known,oracle,107908,149.4164,45.7743,completed,
optimized,shifted,oracle,107925,151.5355,45.9781,completed,
optimized,missing,oracle,107942,148.9437,46.7890,completed,
optimized,known,oracle,107959,148.2652,46.0817,completed,
optimized,shifted,oracle,107976,149.2799,47.2909,completed,
optimized,missing,oracle,107993,169.5686,42.0058,stopped,
optimized,known,oracle,108010,150.0626,48.3474,completed,
optimized,shifted,oracle,108027,149.6294,45.8147,completed,
optimized,missing,oracle,108044,152.5481,49.0254,completed,
optimized,known,oracle,108061,149.9280,48.1174,completed,
optimized,shifted,oracle,108078,150.4653,45.7013,completed,
optimized,missing,oracle,108095,149.2375,46.8221,completed,
optimized,known,oracle,108112,151.5663,46.1155,completed,
optimized,shifted,oracle,108129,150.1694,47.8353,completed,
optimized,missing,oracle,108146,150.7934,48.1714,completed,
optimized,known,oracle,108163,148.7536,46.3952,completed,
optimized,shifted,oracle,108180,149.1909,49.1733,completed,
optimized,missing,oracle,108197,150.4867,48.9455,completed,
optimized,known,oracle,108214,149.5866,46.8029,completed,
optimized,shifted,oracle,108231,148.8558,47.6240,completed,
optimized,missing,oracle,108248,149.3487,46.5300,completed,
optimized,known,oracle,108265,150.0466,46.1170,completed,
optimized,shifted,oracle,108282,148.8409,49.4484,completed,
optimized,missing,oracle,108299,147.3200,48.5288,completed,
optimized,known,oracle,108316,150.7620,46.9507,completed,
optimized,shifted,oracle,108333,151.6456,46.7399,completed,
optimized,missing,oracle,108350,150.4699,46.3553,completed,
optimized,known,oracle,108367,151.4278,48.2924,completed,
optimized,shifted,oracle,108384,183.6451,42.1279,stopped,
optimized,missing,oracle,108401,150.6418,47.4115,completed,
optimized,known,oracle,108418,153.4868,46.5307,completed,
optimized,shifted,oracle,108435,149.9245,46.9967,completed,
optimized,missing,oracle,108452,150.6326,47.4805,completed,
optimized,known,oracle,108469,148.8682,47.0071,completed,
optimized,shifted,oracle,108486,151.5700,45.8110,completed,
optimized,missing,oracle,108503,147.1212,47.9496,completed,
optimized,known,oracle,108520,149.3069,46.3378,completed,
optimized,shifted,oracle,108537,148.2370,47.6352,completed,
optimized,missing,oracle,108554,149.2471,48.9739,completed,
optimized,known,oracle,108571,150.1767,45.7910,completed,
optimized,shifted,oracle,108588,148.0003,48.9723,completed,
optimized,missing,oracle,108605,151.6805,47.2651,completed,
optimized,known,oracle,108622,149.9366,45.4042,completed,
optimized,shifted,oracle,108639,150.2668,47.0548,completed,
optimized,missing,oracle,108656,148.1512,47.5411,completed,
optimized,known,oracle,108673,149.6343,46.7603,completed,
optimized,shifted,oracle,108690,149.6170,46.3179,completed,
